cleaned_text,full_text,conversation_id_str,created_at,favorite_count,id_str,image_url,in_reply_to_screen_name,lang,location,quote_count,reply_count,retweet_count,tweet_url,user_id_str,username,slang_words
Contoh kayak aksi Tolak PPN12 kemarin Kalau gak ada yang berisik kalau gak ada aksi yang sampai dicegat sampai akhirnya cuma perwakilan aja yang ketemu pihak pemerintah Mungkin PPN12 itu akan jalan dari awal tahun kemarin,Contoh kayak aksi Tolak PPN12 kemarin. Kalau gak ada yang berisik kalau gak ada aksi yang sampai dicegat sampai akhirnya cuma perwakilan aja yang ketemu pihak pemerintah. Mungkin PPN12 itu akan jalan dari awal tahun kemarin.,1893254565924884624,Sat Feb 22 11:00:40 +0000 2025,50,1893254577262104728,,anekchandesu,in,"Aomori-shi, Aomori",0,1,1,https://x.com/anekchandesu/status/1893254577262104728,1059009758634471424,anekchandesu,[]
anggaran efisiensi pendidikan kemarin bisa jadi contoh ppn12 kebijakan gage di jakarta semua itu dari demo lho di evaluasi nya,@baeratokki anggaran efisiensi pendidikan kemarin bisa jadi contoh ppn12%. kebijakan gage di jakarta . semua itu dari demo lho di evaluasi nya .,1892561446698938409,Sat Feb 22 10:19:41 +0000 2025,1,1893244260583104598,,baeratokki,in,"DKI Jakarta, Indonesia",0,0,0,https://x.com/monti_msb/status/1893244260583104598,1076440539845677057,monti_msb,[]
lah aku mah mau PPN12 juga gak masalah situ aja yang bermasalah,@ERaksasa @RonnyYulianto13 lah aku mah mau PPN12% juga gak masalah. situ aja yang bermasalah. ,1893130365814087777,Sat Feb 22 07:10:03 +0000 2025,1,1893196540837011835,,ERaksasa,in,somewhere,0,3,0,https://x.com/aewin86/status/1893196540837011835,119691957,aewin86,[]
Buzzer tuh emang tolol Harus diingetin terus kalo ga didemo lo bakal ngerasain PPN12 semua barang gas 3kg beli ke pangkalan emak lo ngantri gas lo ngantri panggilan kerja adekadek lo sekolah mentokmentok SMASMK karena kuliah mahal,@txtdrberseragam Buzzer tuh emang tolol. Harus diingetin terus kalo ga didemo lo bakal ngerasain PPN12% semua barang gas 3kg beli ke pangkalan emak lo ngantri gas lo ngantri panggilan kerja adek-adek lo sekolah mentok-mentok SMA/SMK karena kuliah mahal.,1892940129783730378,Sat Feb 22 05:28:06 +0000 2025,0,1893170884002873748,,txtdrberseragam,in,Indonesia,0,0,0,https://x.com/selenamaulana/status/1893170884002873748,71236531,selenamaulana,[]
Lo pikir mahasiswa sbanyak itu sewaan Lo buta kah kebijakan bobrok yg tnpa diskusi publik mcem IKN ppn12 lpg ga boleh diecer laut dikavling dll itu kalo gak rame gak viral jg ttep diterusin Kabinet gendut udh dikritisi malah dibales ndasmu buka mata lo yg lebar ya njg,@IlhamKusno2 @virdianaurellio Lo pikir mahasiswa sbanyak itu sewaan? Lo buta kah kebijakan bobrok yg tnpa diskusi publik mcem IKN ppn12% lpg ga boleh diecer laut dikavling dll itu kalo gak rame gak viral jg ttep diterusin. Kabinet gendut udh dikritisi malah dibales ndasmu buka mata lo yg lebar ya njg,1892901951064723503,Sat Feb 22 03:35:28 +0000 2025,0,1893142537147457842,,IlhamKusno2,in,,0,1,0,https://x.com/muggle_backup/status/1893142537147457842,1738204447090864128,muggle_backup,[]
Sepertinya memang begitu coba dicermati beberapa kasus gas melon ppn12 pagar laut selalu ada yg jadi bad cops n good cops Dan akan begini terus sampai 5th mendatang,@WidyoLita Sepertinya memang begitu coba dicermati beberapa kasus gas melon ppn12% pagar laut selalu ada yg jadi bad cops n good cops Dan akan begini terus sampai 5th mendatang ️,1893112636138758261,Sat Feb 22 02:00:10 +0000 2025,1,1893118553643253768,,WidyoLita,in,"Nebraska, USA",0,1,0,https://x.com/bumbelbi1999/status/1893118553643253768,1366568677592633344,bumbelbi1999,[]
Jebakan bertubi2 Mulai dr ppn12 gas LPG 3kg Pagar laut Danantara now Subsidi Bbmbukan main sangat agresif,@tempodotco Jebakan bertubi2.... Mulai dr ppn12% gas LPG 3kg Pagar laut Danantara now Subsidi Bbm....bukan main sangat agresif...,1892871886964740354,Sat Feb 22 01:05:27 +0000 2025,1,1893104783667667296,,tempodotco,in,,0,0,0,https://x.com/ZainalKaimuddin/status/1893104783667667296,1799639346985025536,ZainalKaimuddin,[]
Bahagia dengan tapera Ppn12 Gas antri Wah kalau begitu kami disini mungkin pejabat yang ga kena efisiensi ya,@dowraslayy @ardisatriawan Bahagia dengan tapera? Ppn12%? Gas antri? Wah kalau begitu kami disini mungkin pejabat yang ga kena efisiensi ya?,1892784248668532892,Fri Feb 21 23:09:22 +0000 2025,0,1893075569765699783,,dowraslayy,in,,0,0,0,https://x.com/twitkeren/status/1893075569765699783,241898964,twitkeren,[]
Blm lama heboh ppn12 antri gas melon pujian ga ada yg brani berikutnya BBM subsidi dihapus Spt ada benang merahnya ya,@tempodotco Blm lama heboh ppn12% antri gas melon pujian 'ga ada yg brani' berikutnya BBM subsidi dihapus. Spt ada 'benang merah'nya ya?,1892871886964740354,Fri Feb 21 13:13:48 +0000 2025,0,1892925692788212064,,tempodotco,in,,0,0,0,https://x.com/pri_rakhman/status/1892925692788212064,1624205113689804800,pri_rakhman,[]
MISKIN DUKUNG UKT mahal UMR Rendah Nepotisme Guru Besar Di lecehkan Oligarki Beras Mahal Emas Impor Susu Impor Konstitusi diacak acak PPN12 Pemerintah Dzalim Gas Langka Pendidikan Mahal Kesehatan Mahal,MISKIN DUKUNG UKT mahal UMR Rendah Nepotisme Guru Besar Di lecehkan Oligarki Beras Mahal Emas Impor Susu Impor Konstitusi diacak acak PPN12% Pemerintah Dzalim Gas Langka Pendidikan Mahal Kesehatan Mahal #IndonesiaGelap #AdiliJokowi,1892865220302758033,Fri Feb 21 09:13:30 +0000 2025,16,1892865220302758033,,,in,"Klaten, Jawa Tengah",0,0,12,https://x.com/Catatan_ali7/status/1892865220302758033,1133311906976952320,Catatan_ali7,[]
Gw liat bang ferry itu di tiktok aduuuh sabar bgt wkwkw jaman2 ppn12,@Tuah_Raya @JhonSitorus_18 @irwndfrry Gw liat bang ferry itu di tiktok aduuuh sabar bgt wkwkw jaman2 ppn12%,1892793775183057394,Fri Feb 21 07:53:38 +0000 2025,0,1892845120854347841,,Tuah_Raya,in,"Malang, Jawa Timur",0,0,0,https://x.com/Maoouul/status/1892845120854347841,1441498808655904769,Maoouul,[]
Keputusan perusahaan relokasi usaha bukan diputuskan dadakan seperti Presiden yang ngeper dengan aksi penolakan PPn12 dan pemangkasan distribusi LPG 3 kg sehingga Menteri dikorbankan,@tekarok007 Keputusan perusahaan relokasi usaha bukan diputuskan dadakan seperti Presiden @prabowo yang ngeper dengan aksi penolakan PPn12% dan pemangkasan distribusi LPG 3 kg sehingga Menteri dikorbankan,1892530083937607920,Fri Feb 21 03:23:25 +0000 2025,13,1892777115688358150,,tekarok007,in,"Bogor, Indonesia",0,0,0,https://x.com/syueb2011/status/1892777115688358150,363380931,syueb2011,[]
Drpd jd kucing omon omon petugas mulyono ugal2an buat kebijakan,@ronisbk @fadjroeL Drpd jd kucing omon omon petugas mulyono ugal2an buat kebijakan... #Judol #PPN12% #PagarLaut #GasMelon #MBG #UUMineral #UUTNI #BayarPolisi #Ndasmu #HidupJokowipret #Danantara #PSSIambruk #48Departmen #BuanyakLagiiiii,1892620752744284580,Thu Feb 20 23:38:59 +0000 2025,0,1892720635526500716,,ronisbk,in,"Las Vegas, NV",0,0,0,https://x.com/SemuaOKE710920/status/1892720635526500716,1697539042706128896,SemuaOKE710920,[]
ASDP Bebas PPN 12,ASDP Bebas PPN 12% #ASDPBebasPPN #ASDPIndonesiaFerry #PPN12% #KenaikanPPN12% #LayananASDP #logistiknasional https://t.co/wYG4nCs8EB,1892594724713951415,Thu Feb 20 15:18:39 +0000 2025,0,1892594724713951415,https://pbs.twimg.com/media/GkPY2LAboAA0or6.jpg,,in,,0,0,0,https://x.com/BUMN_JKTIM_Beda/status/1892594724713951415,1431874331064225793,BUMN_JKTIM_Beda,[]
Betul sekali dampaknya langsung terasa tetapi sayang banyak yg ga sadar malah maki2 coba bayangin dlu tapera ppn12 lolossi bungsu jdi gubernur terima kasih banyak panjang umur perjuangan dan sampai menang,@SumitroYoel Betul sekali dampaknya langsung terasa tetapi sayang banyak yg ga sadar malah maki2 coba bayangin dlu tapera ppn12% lolos?si bungsu jdi gubernur? ...terima kasih banyak panjang umur perjuangan dan sampai menang ️️️,1892482190463639592,Thu Feb 20 14:50:46 +0000 2025,0,1892587705902800969,,SumitroYoel,in,,0,0,0,https://x.com/n4pp18/status/1892587705902800969,1452831125798219778,n4pp18,[]
Pengen tahu Kapan ya tarif listrik ada diskon 50 Sering itu kek mana sih Yg saya tahu tarif PLN turun di 2016 karena penyesuaian harga minyak Lalu 2020 gara COVID Tahun 2025 ini gegara PPN12 yg ngga jadi Gimmicknya di mana ya,@Sigmahalim Pengen tahu. Kapan ya tarif listrik ada diskon 50%? Sering itu kek mana sih? Yg saya tahu tarif PLN turun di 2016 karena penyesuaian harga minyak. Lalu 2020 gara COVID. Tahun 2025 ini gegara PPN12% yg ngga jadi. Gimmicknya di mana ya?,1892491801371541909,Thu Feb 20 13:55:15 +0000 2025,0,1892573733421785458,,Sigmahalim,in,,0,1,0,https://x.com/awemany/status/1892573733421785458,228724587,awemany,[]
Coba belajar jajak pendapat ReutersIpsos di Amerika kebijakan yg banyak dikeluhkan masyarakat secara logika akan menurunkan Tingkat Kepuasan Publik 100 hr kerja banyak gaduh amp keluhan PPN12 LPG MBG PHK Daya beli masyarakat turun Tawuran Mafia,@cnbcindonesia Coba @LitbangKompas belajar jajak pendapat Reuters/Ipsos di Amerika kebijakan yg banyak dikeluhkan masyarakat secara logika akan menurunkan Tingkat Kepuasan Publik. 100 hr kerja banyak gaduh &amp; keluhan: PPN12% LPG MBG PHK Daya beli masyarakat turun Tawuran Mafia #IndonesiaGelap https://t.co/ud8oC0Wsja,1892522320444760356,Thu Feb 20 11:03:34 +0000 2025,0,1892530530371162463,https://pbs.twimg.com/media/GkOefNRWcAAw6OS.jpg,cnbcindonesia,in,,0,0,0,https://x.com/sayno_KKN/status/1892530530371162463,1735636779192233984,sayno_KKN,[]
Opo yo meng masalahe meng ppn12 setiap masalah demo setiap masalah demo arep demo ping piro Opo do ora kesel ngono terus kudune sakdurunge kebijakan di ambil kui wis dipikirke go masyarakat kebijakan didemo pejabat pengambil keputusan kudu mundur song dibangun kudune mentale,@Haaa_syim @merapi_uncover Opo yo meng masalahe meng ppn12% setiap masalah demo setiap masalah demo arep demo ping piro ? Opo do ora kesel ngono terus kudune sakdurunge kebijakan di ambil kui wis dipikirke go masyarakat kebijakan didemo pejabat pengambil keputusan kudu mundur song dibangun kudune mentale,1892434605816299893,Thu Feb 20 06:52:03 +0000 2025,1,1892467234112504212,,Haaa_syim,in,Indonesia,1,1,0,https://x.com/logikamystika/status/1892467234112504212,446967810,logikamystika,[]
Mungkin bisa dijelasin ke hal2 yg relate ke kehidupan Misal kebijakan ppn12 amp gas lpg misalnya gk ada yg protes nanti ujungnya nunggu ada korban jiwa dulu baru pemerintah mau revisi kebijakan,@NubPepengsut Mungkin bisa dijelasin ke hal2 yg relate ke kehidupan. Misal kebijakan ppn12% &amp; gas lpg misalnya gk ada yg protes nanti ujungnya nunggu ada korban jiwa dulu baru pemerintah mau revisi kebijakan.,1892108358833885520,Wed Feb 19 08:28:32 +0000 2025,79,1892129125575385172,,NubPepengsut,in,,0,1,0,https://x.com/perlubakwan/status/1892129125575385172,1731325004133048320,perlubakwan,[]
Masalahnya pejabat bisa ambil keputusan yg hatihati nggak Lihat aja kebijakan yg udahudah gas melon ppn12 efisiensi dll Gamblingnya itu terletak pejabatnya bukan investasinya,@vinazuelart @BaseBDG Masalahnya pejabat bisa ambil keputusan yg hati-hati nggak?? Lihat aja kebijakan yg udah-udah : gas melon ppn12% efisiensi dll. Gamblingnya itu terletak pejabatnya bukan investasinya,1891634005964968285,Tue Feb 18 05:26:58 +0000 2025,3,1891721047294001475,,vinazuelart,in,EXOPlanet,0,0,0,https://x.com/puttbaek/status/1891721047294001475,1337860554254258176,puttbaek,[]
Lah lawan politik ya harus ada saling kritik saling adu argumen Fungsinya sbg check amp balance Kalo semuanya sekolam sama pemerintah ya ganti jadi negara otoriter aja Konflik horizontal terjadi kalo negara membuat kebijakan konyol macam perubahan usia cagub tapera ppn12 lpg3kg,@loaharang @EDH012 @Hilmi28 Lah lawan politik ya harus ada saling kritik saling adu argumen. Fungsinya sbg check &amp; balance. Kalo semuanya sekolam sama pemerintah ya ganti jadi negara otoriter aja Konflik horizontal terjadi kalo negara membuat kebijakan konyol macam perubahan usia cagub tapera ppn12% lpg3kg,1891330416487047235,Mon Feb 17 12:15:07 +0000 2025,0,1891461373994971285,,loaharang,in,"DKI Jakarta, Indonesia",0,0,0,https://x.com/ahongjawa/status/1891461373994971285,1571706074,ahongjawa,[]
Udah gak kaget sih kak Waktu demo kemarin2 bukan yg ppn12 juga gak diliput Aku sampe kaget krn baru taunya di Twitter apalagi isi beritanya banyak yg nyanjung pemerintah trus,@RJLetsGo Udah gak kaget sih kak. Waktu demo kemarin2 (bukan yg ppn12) juga gak diliput. Aku sampe kaget krn baru taunya di Twitter apalagi isi beritanya banyak yg nyanjung pemerintah trus,1891459722768728256,Mon Feb 17 12:13:16 +0000 2025,3485,1891460907944792269,,RJLetsGo,in,,3,7,111,https://x.com/victaetory/status/1891460907944792269,1674743491,victaetory,[]
ASDP pastikan layanan penyeberangan tetap bebas PPN meski ada wacana kenaikan hingga 12 Ini langkah strategis untuk menjaga tarif tetap terjangkau amp menekan biaya logistik khususnya di daerah 3T,ASDP pastikan layanan penyeberangan tetap bebas PPN meski ada wacana kenaikan hingga 12%. Ini langkah strategis untuk menjaga tarif tetap terjangkau &amp; menekan biaya logistik khususnya di daerah 3T. #ASDPBebasPPN #ASDPIndonesiaFerry #PPN12% #LayananASDP #logistiknasional https://t.co/pudSdd4fDA,1891460818526417197,Mon Feb 17 12:12:55 +0000 2025,0,1891460818526417197,https://pbs.twimg.com/media/Gj_RlVJbQAABmtP.jpg,,in,,0,0,0,https://x.com/electrizen_kdii/status/1891460818526417197,1768879725508997120,electrizen_kdii,[]
Belom lagi proses produksi makanan yang sentralistik militeristik bahkan cenderung gak ngelibatin masyarakat lokal Selengkapnya simak obrolan INFID bareng Bhima Yudhistira Executive Director CELIOS amp Riza A Pujarama Peneliti Ekonomi INDEF,Belom lagi proses produksi makanan yang sentralistik militeristik bahkan cenderung gak ngelibatin masyarakat lokal. Selengkapnya simak obrolan INFID bareng Bhima Yudhistira Executive Director CELIOS &amp; Riza A Pujarama Peneliti Ekonomi INDEF! https://t.co/WT56HfBY9g #PPN12%,1891346759672033677,Mon Feb 17 04:39:42 +0000 2025,1,1891346762742309134,,infid_ID,in,"Jakarta Selatan, DKI Jakarta",0,0,0,https://x.com/infid_ID/status/1891346762742309134,89425781,infid_ID,[]
PT ASDP Indonesia Ferry Persero menegaskan bahwa layanan penyeberangan yang dikelolanya tetap bebas dari PPN meskipun sempat muncul wacana kenaikan PPN hingga 12,PT ASDP Indonesia Ferry (Persero) menegaskan bahwa layanan penyeberangan yang dikelolanya tetap bebas dari PPN meskipun sempat muncul wacana kenaikan PPN hingga 12%. #ASDPBebasPPN #ASDPIndonesiaFerry #PPN12% #KenaikanPPN12% #LayananASDP #logistiknasional https://t.co/mUVaHorE6R,1891304112798486807,Mon Feb 17 01:50:13 +0000 2025,0,1891304112798486807,https://pbs.twimg.com/media/Gj9DEHQbQAAprRs.jpg,,in,,0,0,0,https://x.com/BUMN_PAS_BEDA/status/1891304112798486807,1780584836492902400,BUMN_PAS_BEDA,[]
ini beenr2 asli mending oposisi diem biarin ni negara cepet kereset sendirinya biarin pada antri gas biarin PPN12 biarin MBG dan biarin aja semuaa MEmang harus ada korban,@NOTASLIMBOY ini beenr2 asli mending oposisi diem. biarin ni negara cepet kereset sendirinya biarin pada antri gas biarin PPN12% biarin MBG dan biarin aja semuaa... MEmang harus ada korban,1890965516090515783,Sun Feb 16 12:13:16 +0000 2025,0,1891098516933509301,,NOTASLIMBOY,in,,0,0,0,https://x.com/MusuhMisuh2/status/1891098516933509301,1685447374498635776,MusuhMisuh2,[]
Sama kayak ppn12 naik hanya untuk bareng mewah ternyata lain bebek,@Heraloebss @prabowo @KemenkeuRI Sama kayak ppn12% naik hanya untuk bareng mewah ternyata lain bebek,1890906700971986961,Sun Feb 16 02:19:53 +0000 2025,2,1890949188583555557,,Heraloebss,in,Jatim,0,0,0,https://x.com/Djuwan16/status/1890949188583555557,1210130190992470016,Djuwan16,[]
kita samasama bukan akun cenblu tapi kenapa anda bilang ppn12 belom diketok terjadi keributan pernah gugling riwayatsejarah ppn12 gak terus kalo rapat di DPR dengan kemdikti yg presentasi materi dampak episiyensi dah pasti dibatalkan sama menkeu,@Schultzz07 @elpianmoe @ardisatriawan kita sama-sama bukan akun cenblu tapi kenapa anda bilang ppn12% belom diketok terjadi keributan? pernah gugling riwayat/sejarah ppn12% gak? terus kalo rapat di DPR dengan kemdikti yg presentasi materi dampak episiyensi dah pasti dibatalkan sama menkeu?,1890536400908615908,Sat Feb 15 15:43:27 +0000 2025,3,1890789027583848876,,Schultzz07,in,#Indonesia,0,0,0,https://x.com/hadi_sidiki/status/1890789027583848876,58185819,hadi_sidiki,[]
PPN12 udah final dek pinter lah dikit jangan TOLOL2 amat,@Schultzz07 @ardisatriawan PPN12% udah final dek pinter lah dikit jangan TOLOL2 amat,1890536400908615908,Sat Feb 15 13:24:10 +0000 2025,248,1890753973977542660,,Schultzz07,in,,0,1,2,https://x.com/elpnmoe/status/1890753973977542660,1744917754745069568,elpnmoe,[]
Ternyata ANGKA yang terpenting buat rezim ini adalah pertumbuhan ekonomi tingkat kesejahteraan rakyat tingkat pengangguran APPROVAL RATING pantes aja policynya NO VIRAL NO JUSTICE mulai PPN12 sampe Gas 3kg Rakyat harus sering2 ramein isu ngaco brari nih,Ternyata ANGKA yang terpenting buat rezim ini adalah ️ pertumbuhan ekonomi ️ tingkat kesejahteraan rakyat ️ tingkat pengangguran ️ APPROVAL RATING pantes aja policynya : NO VIRAL NO JUSTICE mulai PPN12% sampe Gas 3kg. Rakyat harus sering2 ramein isu ngaco brari nih,1890675627453284419,Sat Feb 15 08:12:51 +0000 2025,968,1890675627453284419,,,in,Tax Haven,6,6,522,https://x.com/txtdaritax/status/1890675627453284419,1547362092684288000,txtdaritax,[]
Hoax dari mane Orang udah berisik baru direvisi alurnya selalu seperti itu seperti ppn12,@ninalea @PotMode @PartaiSocmed Hoax dari mane? Orang udah berisik baru direvisi alurnya selalu seperti itu seperti ppn12%,1890324798007304434,Sat Feb 15 06:41:00 +0000 2025,0,1890652512149016630,,ninalea,in,"Riau, Indonesia",0,1,0,https://x.com/hidayyaattt/status/1890652512149016630,1185789969521987587,hidayyaattt,[]
Emang batalnya ppn12 kaum 02 ikut bersuara BUKANNYA NGEJEK DOANG,Emang batalnya ppn12% kaum 02 ikut bersuara?? BUKANNYA NGEJEK DOANG??? ,1890530507928068212,Fri Feb 14 22:36:12 +0000 2025,0,1890530507928068212,,,in,Indonesia,0,0,0,https://x.com/n__vi_a/status/1890530507928068212,1388701968,n__vi_a,[]
Yah min min pas kampanye pemilihan bupati walikota aja pada joget joget padahal posisi mau ada kenaikan PPN12 mana peduli hal hal kedepan penting saat itu dapat amplop kaos musik hore hore,@txtdrbekasi Yah min min pas kampanye pemilihan bupati walikota aja pada joget joget padahal posisi mau ada kenaikan PPN12% mana peduli hal hal kedepan penting saat itu dapat amplop kaos musik hore hore,1889937427260903566,Fri Feb 14 15:14:10 +0000 2025,0,1890419268568727555,,txtdrbekasi,in,"Surakarta , Jawa Tengah",0,0,0,https://x.com/Usman_J20/status/1890419268568727555,770438700782071808,Usman_J20,[]
wkwkwkw nyalahin KL padahal komunikasi ngga jelas dari kemarin gitu mulu ppn12 juga komunikasi ngga jelas jangan harap jadi pahlawan ya,wkwkwkw nyalahin KL padahal komunikasi ngga jelas dari kemarin gitu mulu. ppn12% juga komunikasi ngga jelas. jangan harap jadi pahlawan ya,1890419054260691435,Fri Feb 14 15:13:19 +0000 2025,0,1890419054260691435,,,in,Cornelia Street,0,0,0,https://x.com/hiaruna/status/1890419054260691435,1314403754901270528,hiaruna,[]
Oalah pantesan Dia brani mulai vokal wlopun gak terlalu frontal sih ya Kek ppn12 kmrin dia ngejelasin knp naiknya jd 9 Semoga terus dj jalan yg bener sayangnya di x ini bnyak hatersnya,@yxg_quy @upajriyah @lievvv4 Oalah pantesan. Dia brani mulai vokal wlopun gak terlalu frontal sih ya. Kek ppn12% kmrin dia ngejelasin knp naiknya jd 9%. Semoga terus dj jalan yg bener sayangnya di x ini bnyak hatersnya ,1889648560892702801,Fri Feb 14 06:19:05 +0000 2025,15,1890284610602635595,,yxg_quy,in,,0,2,0,https://x.com/muggle_backup/status/1890284610602635595,1738204447090864128,muggle_backup,[]
Baru 100 hari kerja sdh bnyk mslh 1 PPN12 bikin ambyaaar harga2 2 LPG Melon bikin rkyt makin susah 3 Efisiensi yg paradoks dgn kabinet gemoy 4 Bnyk menteri yg offside 5 Pengangguran yg membeludak krn bnyknya PHK 6 Nilai Rupiah makin ambruk 7 MBG yg salah sasaran,Baru 100 hari kerja sdh bnyk mslh: 1. PPN12% bikin ambyaaar harga2 2. LPG Melon bikin rkyt makin susah 3. Efisiensi yg paradoks dgn kabinet gemoy 4. Bnyk menteri yg offside 5. Pengangguran yg membeludak krn bnyknya PHK 6. Nilai Rupiah makin ambruk 7. MBG yg salah sasaran,1890229468159172807,Fri Feb 14 02:39:58 +0000 2025,0,1890229468159172807,,,in,Indonesia,0,0,0,https://x.com/Jaga5_sila/status/1890229468159172807,1548874746083053569,Jaga5_sila,[]
Yang anda anggap riak riak kecil juga lama lama berdampak liat aja kasus sebelumnya seperti pembatalan PPN12 gas lpg 3kg pemecatan di TVRI amp RRI Iya tau belum berdampak banget yg penting di biasakan dulu biar masyarakat terbiasa menyampaikan pendapat bukan jadi apatis,@fluffyyyyyin @BudiBukanIntel Yang anda anggap riak - riak kecil juga lama - lama berdampak liat aja kasus² sebelumnya seperti pembatalan PPN12% gas lpg 3kg pemecatan di TVRI &amp; RRI Iya tau belum berdampak banget yg penting di biasakan dulu biar masyarakat terbiasa menyampaikan pendapat bukan jadi apatis,1890003990236287231,Fri Feb 14 01:59:48 +0000 2025,2,1890219357718057409,,fluffyyyyyin,in,Jakarta,0,0,0,https://x.com/cupang_fish/status/1890219357718057409,957675083081826305,cupang_fish,[]
ASDP menambahkan meski bebas dari PPN perusahaan tetap menjalankan kewajiban perpajakan lainnya seperti Pajak Penghasilan PPh Pasal 15 sebesar 1 2 atas penghasilan bruto dari jasa angkutan laut,ASDP menambahkan meski bebas dari PPN perusahaan tetap menjalankan kewajiban perpajakan lainnya seperti Pajak Penghasilan (PPh) Pasal 15 sebesar 1 2% atas penghasilan bruto dari jasa angkutan laut. #ASDPBebasPPN #ASDPIndonesiaFerry #PPN12% +,1890066894843203877,Thu Feb 13 15:54:49 +0000 2025,0,1890067110426190323,,BUMNMedanSigap,in,,0,1,0,https://x.com/BUMNMedanSigap/status/1890067110426190323,1435314326114496513,BUMNMedanSigap,[]
Bukannya yg milih presiden sndiri Lucu bgt gk bisa atur anak buahnya Pdhl udh retreat bareng Ayo diurutkan mslhnyg trjd saat mnjabat Ppn12 Pagar laut gas lpg dana ikn efisiensi anggaran Semuanya slalu saling lempar statementnya gk sinergi,@Lanangmardhika @PartaiSocmed Bukannya yg milih presiden sndiri. Lucu bgt gk bisa atur anak buahnya. Pdhl udh retreat bareng. Ayo diurutkan mslhnyg trjd saat mnjabat. Ppn12% Pagar laut gas lpg dana ikn efisiensi anggaran. Semuanya slalu saling lempar statementnya gk sinergi,1889900156193218622,Thu Feb 13 08:05:42 +0000 2025,0,1889949055079555135,,Lanangmardhika,in,,0,0,0,https://x.com/fabydi08/status/1889949055079555135,1475774126606348290,fabydi08,[]
Dikasi gratis50persen cuma buat kompensasi ppn12 Yang akhirnya kebijakannya gajadi krn cek ombak aja Uda terlanjur pln rugi 10T Uangnya darimana klo bukan dari rakyat lagi Trus umr 40jt jelas masukan yg ga ngotak coba cari contoh lain yg lebih relevan,@ndasaurus @RocketDelivery2 @Agakgini Dikasi gratis50persen cuma buat kompensasi ppn12%. Yang akhirnya kebijakannya gajadi (krn cek ombak aja). Uda terlanjur pln rugi 10T. Uangnya darimana klo bukan dari rakyat lagi? Trus umr 40jt jelas masukan yg ga ngotak coba cari contoh lain yg lebih relevan,1889824681538277469,Thu Feb 13 07:00:58 +0000 2025,0,1889932762922229883,,ndasaurus,in,,0,3,0,https://x.com/saprmy/status/1889932762922229883,1301270918870626304,saprmy,[]
Sini aja bang jepang estetik ppn 10 rakyatnya sejahtera dari pada negara ppn12 rakyatnya aja masih banyak yg sengsara,@briimine Sini aja bang jepang estetik + ppn 10% rakyatnya sejahtera dari pada negara ppn12% rakyatnya aja masih banyak yg sengsara https://t.co/fjArUpHGzE,1889908421627093077,Thu Feb 13 06:12:18 +0000 2025,1,1889920513327374736,https://pbs.twimg.com/media/GjpYrsUaIAMhlKQ.jpg,briimine,in,,0,0,0,https://x.com/rehan_gery/status/1889920513327374736,1449049555618516999,rehan_gery,[]
Bapak masa kami harus naikkan Peringatan Darurat setiap bulan Baru bulan kemarin selesai urusan PPN12 terus polemik gas 3kg belum 2 minggu udah ada efisiensi anggaran,@prabowo Bapak masa kami harus naikkan Peringatan Darurat setiap bulan? Baru bulan kemarin selesai urusan PPN12% terus polemik gas 3kg belum 2 minggu udah ada efisiensi anggaran.,1889908424114373090,Thu Feb 13 05:24:15 +0000 2025,1,1889908424114373090,,prabowo,in,the shire,0,0,0,https://x.com/maillennium00/status/1889908424114373090,756301435,maillennium00,[]
Terakhir dukung PPN12 naik dan sebelumnya timses okegas dan sebelumnya lagi nyaleg di grindr,@handygusfa Terakhir dukung PPN12% naik dan sebelumnya timses okegas dan sebelumnya lagi nyaleg di grindr,1889887918501810649,Thu Feb 13 04:13:14 +0000 2025,282,1889890551828455810,,handygusfa,in,Indonesia,3,6,3,https://x.com/barengwarga/status/1889890551828455810,1850558971779956736,barengwarga,[]
Agak tolol ya kau Ngapain rakyat mikirin solusi kalau udah ada pemerintah yang bergaji dan tunjangan gede itu Lagian kemarin yang naikin Peringatan Darurat aksi PPN12 Ke mana lu Ikut gak Atau jempolnya cuma ngatain anak abah emosian Otak dipake Pin,@sfardiansyah_ @smuggleaddams Agak tolol ya kau @alvindewantara7 Ngapain rakyat mikirin solusi kalau udah ada pemerintah yang bergaji dan tunjangan gede itu? Lagian kemarin yang naikin Peringatan Darurat aksi PPN12. Ke mana lu? Ikut gak? Atau jempolnya cuma ngatain 'anak abah emosian'? Otak dipake Pin.,1889649577604575717,Thu Feb 13 02:18:40 +0000 2025,5,1889861717867524198,,sfardiansyah_,in,"Aomori-shi, Aomori",0,1,1,https://x.com/anekchandesu/status/1889861717867524198,1059009758634471424,anekchandesu,[]
RIL Tapi kmrn pas ppn12 ituuuu Mereka muncul tuh cuma repost IG si srimul yang bilang PPN 12 ga jadi HELEKEPET,@jnkshn RIL Tapi kmrn pas ppn12% ituuuu Mereka muncul tuh cuma repost IG si srimul yang bilang PPN 12% ga jadi HELEKEPET,1889831816640733631,Thu Feb 13 00:24:10 +0000 2025,0,1889832906249609668,,jnkshn,in,,0,1,0,https://x.com/laejinq85/status/1889832906249609668,766991479310921729,laejinq85,[]
Belom ppn12 PPh belom tau ada di kutip atau Ndak sebenarnya ini urus Negara atau bukan sih,@Dandhy_Laksono Belom ppn12% PPh belom tau ada di kutip atau Ndak sebenarnya ini urus Negara atau bukan sih?,1889557785882370416,Wed Feb 12 15:24:15 +0000 2025,0,1889697030672470233,,Dandhy_Laksono,in,,0,0,0,https://x.com/wilkim2689/status/1889697030672470233,1275285570416041985,wilkim2689,[]
PPN12 batal drmana,... PPN12% batal drmana??????! https://t.co/uFKshCvbUQ,1889536988266766350,Wed Feb 12 04:48:18 +0000 2025,0,1889536988266766350,https://pbs.twimg.com/media/Gjj74HjawAAsZNG.jpg,,in,,0,0,0,https://x.com/rsqmebb/status/1889536988266766350,934975101547593728,rsqmebb,[]
seperti Pajak Penghasilan PPh Pasal 15 sebesar 1 2 atas penghasilan bruto dari jasa angkutan laut,seperti Pajak Penghasilan (PPh) Pasal 15 sebesar 1 2% atas penghasilan bruto dari jasa angkutan laut. #ASDPBebasPPN #ASDPIndonesiaFerry #PPN12% #KenaikanPPN12% #LayananASDP #logistiknasional,1889530254039134252,Wed Feb 12 04:21:59 +0000 2025,0,1889530365704020033,,CilegonBumn,in,"Jakarta Utara, DKI Jakarta",0,0,0,https://x.com/CilegonBumn/status/1889530365704020033,1815674290991505409,CilegonBumn,[]
Kebijakan Tim Joko Widodo banyak yg lucu tdk konsisten dan gaduh PPN12 LPG3kg PagarLaut Ekspor PasirLaut Tdk impor beras ternyata impor MBG IKN amp Kabinet Gemuk vs Pemotongan anggaran utk efisiensi Utang Jatuh tempo 2025 Daya beli masyarakat turun vs PPNgt10,@KompasTV Kebijakan Tim Joko Widodo banyak yg lucu tdk konsisten dan gaduh: -PPN12% -LPG3kg -PagarLaut -Ekspor PasirLaut -Tdk impor beras ternyata impor -MBG IKN &amp; Kabinet Gemuk vs Pemotongan anggaran utk efisiensi? -Utang Jatuh tempo 2025 -Daya beli masyarakat turun vs PPN&gt;10% ? https://t.co/s8t3huLo4j,1889226617467355469,Tue Feb 11 08:32:30 +0000 2025,1,1889231023101358570,https://pbs.twimg.com/media/GjflmjaaIAAgpc9.jpg,KompasTV,in,,0,0,0,https://x.com/sayno_KKN/status/1889231023101358570,1735636779192233984,sayno_KKN,[]
fungsi dpr ri yaitu membuat undangundang atau peraturan negri yaitu legislative pembuatan ppn12 dll Fungsi pengadilan hakim pn ma mk ituseperti tangan tuhan memvonis benarsalahnya yaitu yudikatif 2hal diatas itu presiden eksekutive tidak bisa ikut campur dan berwenang,@Febriya15034722 @Kucyber69 fungsi dpr ri yaitu membuat undang-undang atau peraturan negri yaitu legislative pembuatan ppn12% dll Fungsi pengadilan hakim pn ma mk ituseperti tangan tuhan memvonis benar/salahnya yaitu yudikatif 2hal diatas itu presiden eksekutive tidak bisa ikut campur dan berwenang,1888516717132783867,Tue Feb 11 02:46:44 +0000 2025,2,1889144008146120937,,Febriya15034722,in,,0,1,0,https://x.com/brainlotca45261/status/1889144008146120937,1874094525637156869,brainlotca45261,[]
min untuk transaksi yang sudah di buat sebelum adanya PMK Nomor 11 tahun 2025 itu gmn sudah menggunakan ppn12 mohon penjelasannya,@kring_pajak @regpdf min untuk transaksi yang sudah di buat sebelum adanya PMK Nomor 11 tahun 2025 itu gmn? sudah menggunakan ppn12%? mohon penjelasannya? @kring_pajak @DitjenPajakRI,1888779609682116804,Tue Feb 11 01:26:56 +0000 2025,0,1889123926405755083,,kring_pajak,in,,0,1,0,https://x.com/chelicious_s/status/1889123926405755083,1973561364,chelicious_s,[]
Negara seperti menuju Dararut Ekonomi indikasinya Pemotongan Anggaran Kementerian Daerah IKN Rupiah terus lemah Saham IHSG Ambruk Utang Warisan Jokowi jatuh tempo 2025 Daya Beli masyarakat turun Kebijakan Panik PPN12 LPG3kg Investor asing takut tikus,@KompasTV Negara seperti menuju Dararut Ekonomi indikasinya: - Pemotongan Anggaran Kementerian Daerah IKN ? - Rupiah terus lemah - Saham IHSG Ambruk - Utang Warisan Jokowi jatuh tempo 2025 - Daya Beli masyarakat turun - Kebijakan Panik: PPN12% LPG3kg ? - Investor asing takut tikus https://t.co/h4pVzKdhhh,1888898958501560686,Mon Feb 10 11:34:31 +0000 2025,0,1888914441632428176,https://pbs.twimg.com/media/GjbFrDNa8AAGA0m.jpg,KompasTV,in,,0,0,0,https://x.com/sayno_KKN/status/1888914441632428176,1735636779192233984,sayno_KKN,[]
Htm sewajarnya PPN12 parkir seikhlasnya bursa taruhan semampunya,Htm sewajarnya +PPN12% parkir seikhlasnya bursa taruhan semampunya.,1888607067679977836,Sun Feb 09 15:13:08 +0000 2025,0,1888607067679977836,,,in,Kotagede - Yogyakarta,0,0,1,https://x.com/songoselawe1929/status/1888607067679977836,1505926236190638080,songoselawe1929,[]
Selama mengaum dimic juga percuma bang mic dimatikan kembali jadi meong again harusnya secara radikal dibuktikan tp pembuktian ada malah kebalik semua ppn12 dibatalkan malah diacc menteri2 wakilstafsus rata bermasalah Ada yg tunggu tgl main yg ada keburu rusak maaf,@NgkongRoses @prabowo Selama mengaum dimic juga percuma bang mic dimatikan kembali jadi meong again harusnya secara radikal dibuktikan tp pembuktian ada malah kebalik semua ppn12 dibatalkan malah diacc menteri2 wakil+stafsus rata bermasalah Ada yg tunggu tgl main yg ada keburu rusak maaf,1888444789043204599,Sun Feb 09 12:33:49 +0000 2025,2,1888566974726238218,,NgkongRoses,in,"Kota Surabaya, Jawa Timur",0,0,1,https://x.com/terisera35533/status/1888566974726238218,1815365624526442496,terisera35533,[]
Nak Alfa kenek ppn12,@jawafess Nak Alfa kenek ppn12 %,1888227168154710077,Sun Feb 09 02:06:47 +0000 2025,1,1888409177711948174,,jawafess,in,,0,0,0,https://x.com/drownedmantis/status/1888409177711948174,1696196671464767490,drownedmantis,[]
Kebijakan PPN 12 persen untuk barang mewah membantu pertumbuhan ekonomi tanpa membebani masyarakat umum,Kebijakan PPN 12 persen untuk barang mewah membantu pertumbuhan ekonomi tanpa membebani masyarakat umum. #PPN12 https://t.co/k8EQJ3wBBW,1888112395375309154,Sat Feb 08 06:27:29 +0000 2025,1,1888112395375309154,https://pbs.twimg.com/media/GjPsM-zaoAAEOay.jpg,,in,DKI Jakarta,0,0,0,https://x.com/JulieMarshaa/status/1888112395375309154,1579641677127782400,JulieMarshaa,[]
PPN 12 persen akan lebih terasa pada barang dan jasa mewah bukan kebutuhan dasar masyarakat,PPN 12 persen akan lebih terasa pada barang dan jasa mewah bukan kebutuhan dasar masyarakat. #PPN12 https://t.co/FlmTKoh0if,1888112354124263650,Sat Feb 08 06:27:19 +0000 2025,1,1888112354124263650,https://pbs.twimg.com/media/GjPsKiUaIAA49Av.jpg,,in,DKI Jakarta,0,0,0,https://x.com/JulieMarshaa/status/1888112354124263650,1579641677127782400,JulieMarshaa,[]
Penerapan PPN 12 persen hanya untuk barang mewah dan premium untuk memastikan ekonomi yang lebih merata,Penerapan PPN 12 persen hanya untuk barang mewah dan premium untuk memastikan ekonomi yang lebih merata. #PPN12 https://t.co/uloCiDfVuK,1888112306174964164,Sat Feb 08 06:27:07 +0000 2025,1,1888112306174964164,https://pbs.twimg.com/media/GjPsHqKb0AAFEcH.jpg,,in,DKI Jakarta,0,0,0,https://x.com/JulieMarshaa/status/1888112306174964164,1579641677127782400,JulieMarshaa,[]
Selektif dan adil itulah PPN 12 persen Fokus pada barang premium demi keadilan untuk semua,Selektif dan adil itulah PPN 12 persen. Fokus pada barang premium demi keadilan untuk semua. #PPN12 https://t.co/prAvYLwGPf,1888112267281002736,Sat Feb 08 06:26:58 +0000 2025,1,1888112267281002736,https://pbs.twimg.com/media/GjPsFbqaQAAcBdu.jpg,,in,DKI Jakarta,0,0,0,https://x.com/JulieMarshaa/status/1888112267281002736,1579641677127782400,JulieMarshaa,[]
PPN 12 persen hanya menyasar barang dan jasa mewah memastikan yang diperlukan rakyat tetap terjangkau,PPN 12 persen hanya menyasar barang dan jasa mewah memastikan yang diperlukan rakyat tetap terjangkau. #PPN12 https://t.co/iR3ZEsMp7x,1888112229721243732,Sat Feb 08 06:26:49 +0000 2025,1,1888112229721243732,https://pbs.twimg.com/media/GjPsC9ibMAAED6d.jpg,,in,DKI Jakarta,0,0,0,https://x.com/JulieMarshaa/status/1888112229721243732,1579641677127782400,JulieMarshaa,[]
Kebijakan PPN 12 persen membantu fokus pada barang dan jasa kategori mewah mendorong pertumbuhan ekonomi yang sehat,Kebijakan PPN 12 persen membantu fokus pada barang dan jasa kategori mewah mendorong pertumbuhan ekonomi yang sehat. #PPN12 https://t.co/l1GugsledX,1888111896600998273,Sat Feb 08 06:25:30 +0000 2025,1,1888111896600998273,https://pbs.twimg.com/media/GjPrv5sa8AEgHf9.jpg,,in,Bandung,0,0,0,https://x.com/PasukanSinga/status/1888111896600998273,2746809658,PasukanSinga,[]
Dengan PPN 12 persen pada barang mewah kita menjaga keseimbangan ekonomi dan memberikan keadilan bagi masyarakat,Dengan PPN 12 persen pada barang mewah kita menjaga keseimbangan ekonomi dan memberikan keadilan bagi masyarakat. #PPN12 https://t.co/0Vo2WSzv27,1888111849285226967,Sat Feb 08 06:25:18 +0000 2025,1,1888111849285226967,https://pbs.twimg.com/media/GjPrsrNb0AAVgmo.jpg,,in,Bandung,0,0,0,https://x.com/PasukanSinga/status/1888111849285226967,2746809658,PasukanSinga,[]
PPN 12 persen hanya dikenakan pada barang dan jasa premium Kebijakan ini lebih adil dan tepat sasaran,PPN 12 persen hanya dikenakan pada barang dan jasa premium. Kebijakan ini lebih adil dan tepat sasaran! #PPN12 https://t.co/4fSRN75dYd,1888111803634454635,Sat Feb 08 06:25:08 +0000 2025,1,1888111803634454635,https://pbs.twimg.com/media/GjPrrW9aUAABTvI.jpg,,in,Bandung,0,0,0,https://x.com/PasukanSinga/status/1888111803634454635,2746809658,PasukanSinga,[]
PPN 12 persen berlaku selektif Hanya untuk barang dan jasa mewah memastikan daya beli tetap terjaga,PPN 12 persen berlaku selektif! Hanya untuk barang dan jasa mewah memastikan daya beli tetap terjaga. #PPN12 https://t.co/shvL7RYSD5,1888111768263942520,Sat Feb 08 06:24:59 +0000 2025,1,1888111768263942520,https://pbs.twimg.com/media/GjProlYbYAArzqI.jpg,,in,Bandung,0,0,0,https://x.com/PasukanSinga/status/1888111768263942520,2746809658,PasukanSinga,[]
Kebijakan PPN 12 persen hadir untuk memastikan barang dan jasa premium membayar sesuai Fokus pada yang mewah demi keadilan bagi semua,Kebijakan PPN 12 persen hadir untuk memastikan barang dan jasa premium membayar sesuai. Fokus pada yang mewah demi keadilan bagi semua! #PPN12 https://t.co/lGfY5jiNI1,1888111730926186703,Sat Feb 08 06:24:50 +0000 2025,1,1888111730926186703,https://pbs.twimg.com/media/GjPrmS-acAAcj6h.jpg,,in,Bandung,0,0,0,https://x.com/PasukanSinga/status/1888111730926186703,2746809658,PasukanSinga,[]
Ya Saya setuju Mendingan gini daripada PPN12 Ya walau Wowo afueranya nanggung,Ya Saya setuju Mendingan gini daripada PPN12% Ya walau Wowo afuera-nya nanggung,1887898108501332444,Fri Feb 07 16:15:59 +0000 2025,0,1887898108501332444,,,in,,0,0,0,https://x.com/nhantrang_tali/status/1887898108501332444,1170543974253154304,nhantrang_tali,[]
Hambalang mangkrak legacy Pak Sby bagaimana dgn IKN Nusantara,Hambalang mangkrak legacy Pak Sby ?@SBYudhoyono @AgusYudhoyono bagaimana dgn IKN Nusantara ? @jokowi @gibran_tweet #ppn12% https://t.co/Ip2DU36sdQ,1887836334217195928,Fri Feb 07 12:10:31 +0000 2025,0,1887836334217195928,https://pbs.twimg.com/media/GjLxIxGbYAAxt7k.jpg,,in,,0,0,0,https://x.com/Kemanggisan_DKI/status/1887836334217195928,1712743929509261312,Kemanggisan_DKI,[]
Agar tdk omon2 Kasih contoh Pecat Menteri seperti kasus yg bikin Gaduh Pagar Laut LPG 3kg PPN12,@tempodotco Agar tdk omon2 Kasih contoh Pecat Menteri seperti kasus yg bikin Gaduh: Pagar Laut LPG 3kg PPN12% ?,1887809327890866306,Fri Feb 07 11:13:41 +0000 2025,1,1887822034677481538,,tempodotco,in,,0,0,0,https://x.com/sayno_KKN/status/1887822034677481538,1735636779192233984,sayno_KKN,[]
Tp yg sy kuatirkan gini Dinasti Mulyono selalu mengulur waktu u eksekusi sesuatu tujuannya u persiapan cawe2 sblm itu terjadi pemilihan gibran sbg wapres Gugatan MK hasil pemilu Kaesang nepo pesawat jet pribadi PPN12 Pagar Laut Aguan skng dibelokin PDIP takutnya nanti,@jondhez Tp yg sy kuatirkan gini Dinasti Mulyono selalu mengulur waktu u/ eksekusi sesuatu tujuannya u/ persiapan cawe2 sblm itu terjadi -pemilihan gibran sbg wapres -Gugatan MK hasil pemilu -Kaesang nepo pesawat jet pribadi -PPN12% -Pagar Laut Aguan skng dibelokin PDIP -takutnya nanti.. https://t.co/D63fUJj4pL,1887796206790664687,Fri Feb 07 10:19:13 +0000 2025,20,1887808325615804561,https://pbs.twimg.com/media/GjLXm1RbAAAk6yl.png,jondhez,in,neverland,1,1,3,https://x.com/jijirnyinyir/status/1887808325615804561,1047680225138466816,jijirnyinyir,[]
Ya kocak perkara ppn12 larinya ke gw juga Tanya finance amp accounting lah babi Kenapa pada ngomel ke gw,Ya kocak perkara ppn12% larinya ke gw juga??? Tanya finance &amp; accounting lah babi. Kenapa pada ngomel ke gw???,1887696860594511939,Fri Feb 07 02:56:17 +0000 2025,0,1887696860594511939,,,in,,0,0,0,https://x.com/itzjournay/status/1887696860594511939,3031814697,itzjournay,[]
PPN 12 untuk barang mewah Tidak masalah Kebutuhan pokok tetap stabil dan terjangkau,PPN 12% untuk barang mewah? Tidak masalah! Kebutuhan pokok tetap stabil dan terjangkau. #PPN12 #KesejahteraanRakyat https://t.co/WEEK3PMPl7,1887534998947045764,Thu Feb 06 16:13:14 +0000 2025,0,1887535031251542359,https://pbs.twimg.com/media/GjHfCP1bIAIAXFz.jpg,PewdSmoses,in,,0,1,0,https://x.com/PewdSmoses/status/1887535031251542359,2735886720,PewdSmoses,[]
Jangan panik PPN 12 hanya untuk barang mewah jadi kehidupan seharihari tetap nyaman,Jangan panik! PPN 12% hanya untuk barang mewah jadi kehidupan sehari-hari tetap nyaman. #EkonomiMaju #PPN12 https://t.co/r7lhhRHZqX,1887534998947045764,Thu Feb 06 16:13:11 +0000 2025,0,1887535017653641502,https://pbs.twimg.com/media/GjHe6QkbMAAYrK_.jpg,PewdSmoses,in,,0,1,0,https://x.com/PewdSmoses/status/1887535017653641502,2735886720,PewdSmoses,[]
PPN 12 Tenang Hanya untuk barang mewah bukan kebutuhan seharihari,PPN 12%? Tenang! Hanya untuk barang mewah bukan kebutuhan sehari-hari. #PPN12 #MasyarakatCerdas https://t.co/iMvO93xoKp,1887534998947045764,Thu Feb 06 16:13:08 +0000 2025,0,1887535005922173151,https://pbs.twimg.com/media/GjHe0lvbIAMY0yV.jpg,PewdSmoses,in,,0,1,0,https://x.com/PewdSmoses/status/1887535005922173151,2735886720,PewdSmoses,[]
parameter ngeri ngeri sedap 306 PPN12 MBG 3 Kg,parameter ngeri ngeri sedap - 306 - PPN12 - MBG - 3 Kg,1887512281497673912,Thu Feb 06 14:42:50 +0000 2025,0,1887512281497673912,,,in,"wonosobo, jawa tengah",0,0,0,https://x.com/bobidream/status/1887512281497673912,189147824,bobidream,[]
Justru voters 02 adalah voters yg rasional brani mengkritik balik pilihannya ketika pilihannya berbuat salah seperti ppn12 kualitas mbg yg kurang baik dan soal lpg melon ini Dan tdk mencari pembenaran akan kesalahan tsb Itulah sikap voters yg benar Dan bukan,Justru voters 02 adalah voters yg rasional brani mengkritik balik pilihan-nya ketika pilihannya berbuat salah seperti ppn12% kualitas mbg yg kurang baik dan soal lpg melon ini. Dan tdk mencari pembenaran akan kesalahan tsb. Itulah sikap voters yg benar. Dan bukan,1887382363145175099,Thu Feb 06 06:27:21 +0000 2025,26,1887387586672664600,,Ndrewstjan,in,,6,9,6,https://x.com/Ndrewstjan/status/1887387586672664600,1176673445263765504,Ndrewstjan,[]
Hatgen tentara guru yang firsttime ituuuuu guyssss kan bukan hatgen yang zaman ppn12 iya lali ye gw LUPA WGEGD, Hatgen tentara guru yang firsttime ituuuuu guyssss kan bukan hatgen yang zaman ppn12% iya lali ye gw LUPA WGEGD #tellonym https://t.co/FmSlD9Lnw3,1887360530022875448,Thu Feb 06 04:39:50 +0000 2025,0,1887360530022875448,,,in,adult only,0,0,0,https://x.com/owyalahkak/status/1887360530022875448,1861428414886092805,owyalahkak,[]
Bentar lagi muncul si bapak bilang gaji ke 1314151617181920212223242526272829 TETAP AKAN DIBERIKAN Bapak itu dipujipuji dibilang care dibilang terbaik Sama kayak Jamannya PPN12 dan GAS 3kg Begitu pola nya,@Heraloebss @prabowo @jokowi @gibran_tweet @SBYudhoyono @AgusYudhoyono Bentar lagi muncul si bapak: bilang gaji ke 1314151617181920212223242526272829 TETAP AKAN DIBERIKAN. Bapak itu dipuji-puji dibilang care dibilang terbaik Sama kayak Jamannya PPN12% dan GAS 3kg Begitu pola nya,1887158093185958168,Thu Feb 06 03:30:48 +0000 2025,0,1887343157161173048,,Heraloebss,in,,0,0,0,https://x.com/wacung80/status/1887343157161173048,1867837584589901824,wacung80,[]
Coba kasih contoh Pecat Pejabat setingkat Menteri yg tdk becus bukan karena mengundurkan diri karena tekanan rakyat setelah viral biar tdk omon2 terus seperti kasus Pagar Laut LPG PPN12,@kompascom Coba kasih contoh Pecat Pejabat (setingkat Menteri) yg tdk becus bukan karena mengundurkan diri karena tekanan rakyat setelah viral biar tdk omon2 terus seperti kasus Pagar Laut LPG PPN12%,1887306863907381642,Thu Feb 06 03:30:37 +0000 2025,0,1887343111761981442,,kompascom,in,,0,0,0,https://x.com/sayno_KKN/status/1887343111761981442,1735636779192233984,sayno_KKN,[]
Ppn12 bukan kebijakan Bsk2 mungkin akn d ulang trus,#jasmerah Ppn12% bukan kebijakan @prabowo Bsk2 mungkin akn d ulang trus,1887336393124553120,Thu Feb 06 03:03:55 +0000 2025,0,1887336393124553120,,,in,,0,0,0,https://x.com/DeuiCucu10186/status/1887336393124553120,1877700121267511296,DeuiCucu10186,[]
Nah iya makanya gausah kepancinv dulu lah ya nanti juga ada pahlawannya kayak ppn12 dan gas melon,@hellafwend @msjaeminana Nah iya makanya gausah kepancinv dulu lah ya nanti juga ada pahlawannya kayak ppn12 dan gas melon,1887158653943492963,Thu Feb 06 02:47:55 +0000 2025,0,1887332363346321848,,hellafwend,in,,0,0,0,https://x.com/oh_imsocute/status/1887332363346321848,1505854415319707648,oh_imsocute,[]
PT ASDP Indonesia Ferry Persero menegaskan bahwa layanan penyeberangan yang dikelolanya tetap bebas dari PPN,PT ASDP Indonesia Ferry (Persero) menegaskan bahwa layanan penyeberangan yang dikelolanya tetap bebas dari PPN #ASDPIndonesiaFerry #PPN12% #KenaikanPPN12% #LayananASDP #logistiknasional https://t.co/vHWBfw3Avk,1887169495317520531,Wed Feb 05 16:00:44 +0000 2025,0,1887169495317520531,https://pbs.twimg.com/media/GjCSp6ObUAA-FlQ.jpg,,in,,0,0,0,https://x.com/BUMN_MDN_Rapi/status/1887169495317520531,227946877,BUMN_MDN_Rapi,[]
Loh survei litbang kompas menyatakan tingkat kepuasan publik tinggi sekarang ada kebijakan buat gaduh masyarakat seperti PPN12 LPG3kg dll Hasil survei litbang kompas tdk mendidik masyarakat utk kritis tapi giring opini utk tujuan membodohi,@kompascom Loh survei litbang kompas menyatakan tingkat kepuasan publik tinggi sekarang ada kebijakan buat gaduh masyarakat seperti PPN12% LPG3kg dll Hasil survei litbang kompas tdk mendidik masyarakat utk kritis tapi giring opini utk tujuan membodohi ?????,1886932806347174053,Wed Feb 05 11:24:36 +0000 2025,0,1887100004764147718,,kompascom,in,,0,0,0,https://x.com/sayno_KKN/status/1887100004764147718,1735636779192233984,sayno_KKN,[]
Nah ini konsepnya coretaxPPN12IKNKCICmercusuar lain itu setupnya sianjing cungkring,@pejabrut @elrondfuyyy Nah ini konsepnya coretax-PPN12%-IKN-KCIC-mercusuar lain itu setupnya sianjing cungkring,1887002765710475496,Wed Feb 05 08:14:44 +0000 2025,17,1887052222502142083,,pejabrut,in,,0,1,0,https://x.com/BudiBukanIntel/status/1887052222502142083,1794298849651212288,BudiBukanIntel,[]
Meningkatkan daya saing ekonomi nasional dengan PPN 12 untuk masa depan yang lebih baik,Meningkatkan daya saing ekonomi nasional dengan PPN 12% untuk masa depan yang lebih baik. #PPN12 https://t.co/VGmOlXgiq7,1887017495942586504,Wed Feb 05 05:56:44 +0000 2025,1,1887017495942586504,https://pbs.twimg.com/media/GjAIZLKa4AAZZ8q.jpg,,in,,0,0,0,https://x.com/JokoWijaya68649/status/1887017495942586504,1836312547072577538,JokoWijaya68649,[]
