conversation_id_str,created_at,favorite_count,full_text,id_str,image_url,in_reply_to_screen_name,lang,location,quote_count,reply_count,retweet_count,tweet_url,user_id_str,username,cleaned_text
1893254565924884624,Sat Feb 22 11:00:40 +0000 2025,50,Contoh kayak aksi Tolak PPN12 kemarin. Kalau gak ada yang berisik kalau gak ada aksi yang sampai dicegat sampai akhirnya cuma perwakilan aja yang ketemu pihak pemerintah. Mungkin PPN12 itu akan jalan dari awal tahun kemarin.,1893254577262104728,,anekchandesu,in,"Aomori-shi, Aomori",0,1,1,https://x.com/anekchandesu/status/1893254577262104728,1059009758634471424,anekchandesu,Contoh kayak aksi Tolak PPN12 kemarin gak berisik gak aksi dicegat perwakilan aja ketemu pemerintah PPN12 jalan kemarin
1892561446698938409,Sat Feb 22 10:19:41 +0000 2025,1,@baeratokki anggaran efisiensi pendidikan kemarin bisa jadi contoh ppn12%. kebijakan gage di jakarta . semua itu dari demo lho di evaluasi nya .,1893244260583104598,,baeratokki,in,"DKI Jakarta, Indonesia",0,0,0,https://x.com/monti_msb/status/1893244260583104598,1076440539845677057,monti_msb,anggaran efisiensi pendidikan kemarin contoh ppn12 kebijakan gage jakarta demo lho evaluasi nya
1893130365814087777,Sat Feb 22 07:10:03 +0000 2025,1,@ERaksasa @RonnyYulianto13 lah aku mah mau PPN12% juga gak masalah. situ aja yang bermasalah. ,1893196540837011835,,ERaksasa,in,somewhere,0,3,0,https://x.com/aewin86/status/1893196540837011835,119691957,aewin86,mah PPN12 gak situ aja bermasalah
1892940129783730378,Sat Feb 22 05:28:06 +0000 2025,0,@txtdrberseragam Buzzer tuh emang tolol. Harus diingetin terus kalo ga didemo lo bakal ngerasain PPN12% semua barang gas 3kg beli ke pangkalan emak lo ngantri gas lo ngantri panggilan kerja adek-adek lo sekolah mentok-mentok SMA/SMK karena kuliah mahal.,1893170884002873748,,txtdrberseragam,in,Indonesia,0,0,0,https://x.com/selenamaulana/status/1893170884002873748,71236531,selenamaulana,Buzzer tuh emang tolol diingetin kalo ga didemo lo ngerasain PPN12 barang gas 3kg beli pangkalan emak lo ngantri gas lo ngantri panggilan kerja adekadek lo sekolah mentokmentok SMASMK kuliah mahal
1892901951064723503,Sat Feb 22 03:35:28 +0000 2025,0,@IlhamKusno2 @virdianaurellio Lo pikir mahasiswa sbanyak itu sewaan? Lo buta kah kebijakan bobrok yg tnpa diskusi publik mcem IKN ppn12% lpg ga boleh diecer laut dikavling dll itu kalo gak rame gak viral jg ttep diterusin. Kabinet gendut udh dikritisi malah dibales ndasmu buka mata lo yg lebar ya njg,1893142537147457842,,IlhamKusno2,in,,0,1,0,https://x.com/muggle_backup/status/1893142537147457842,1738204447090864128,muggle_backup,Lo pikir mahasiswa sbanyak sewaan Lo buta kah kebijakan bobrok yg tnpa diskusi publik mcem IKN ppn12 lpg ga diecer laut dikavling dll kalo gak rame gak viral jg ttep diterusin Kabinet gendut udh dikritisi dibales ndasmu buka mata lo yg lebar ya njg
1893112636138758261,Sat Feb 22 02:00:10 +0000 2025,1,@WidyoLita Sepertinya memang begitu coba dicermati beberapa kasus gas melon ppn12% pagar laut selalu ada yg jadi bad cops n good cops Dan akan begini terus sampai 5th mendatang ️,1893118553643253768,,WidyoLita,in,"Nebraska, USA",0,1,0,https://x.com/bumbelbi1999/status/1893118553643253768,1366568677592633344,bumbelbi1999,coba dicermati gas melon ppn12 pagar laut yg bad cops n good cops 5th
1892871886964740354,Sat Feb 22 01:05:27 +0000 2025,1,@tempodotco Jebakan bertubi2.... Mulai dr ppn12% gas LPG 3kg Pagar laut Danantara now Subsidi Bbm....bukan main sangat agresif...,1893104783667667296,,tempodotco,in,,0,0,0,https://x.com/ZainalKaimuddin/status/1893104783667667296,1799639346985025536,ZainalKaimuddin,Jebakan bertubi2 dr ppn12 gas LPG 3kg Pagar laut Danantara now Subsidi Bbmbukan main agresif
1892784248668532892,Fri Feb 21 23:09:22 +0000 2025,0,@dowraslayy @ardisatriawan Bahagia dengan tapera? Ppn12%? Gas antri? Wah kalau begitu kami disini mungkin pejabat yang ga kena efisiensi ya?,1893075569765699783,,dowraslayy,in,,0,0,0,https://x.com/twitkeren/status/1893075569765699783,241898964,twitkeren,Bahagia tapera Ppn12 Gas antri pejabat ga kena efisiensi ya
1892871886964740354,Fri Feb 21 13:13:48 +0000 2025,0,@tempodotco Blm lama heboh ppn12% antri gas melon pujian 'ga ada yg brani' berikutnya BBM subsidi dihapus. Spt ada 'benang merah'nya ya?,1892925692788212064,,tempodotco,in,,0,0,0,https://x.com/pri_rakhman/status/1892925692788212064,1624205113689804800,pri_rakhman,Blm heboh ppn12 antri gas melon pujian ga yg brani BBM subsidi dihapus Spt benang merahnya ya
1892865220302758033,Fri Feb 21 09:13:30 +0000 2025,16,MISKIN DUKUNG UKT mahal UMR Rendah Nepotisme Guru Besar Di lecehkan Oligarki Beras Mahal Emas Impor Susu Impor Konstitusi diacak acak PPN12% Pemerintah Dzalim Gas Langka Pendidikan Mahal Kesehatan Mahal #IndonesiaGelap #AdiliJokowi,1892865220302758033,,,in,"Klaten, Jawa Tengah",0,0,12,https://x.com/Catatan_ali7/status/1892865220302758033,1133311906976952320,Catatan_ali7,MISKIN DUKUNG UKT mahal UMR Rendah Nepotisme Guru lecehkan Oligarki Beras Mahal Emas Impor Susu Impor Konstitusi diacak acak PPN12 Pemerintah Dzalim Gas Langka Pendidikan Mahal Kesehatan Mahal
1892793775183057394,Fri Feb 21 07:53:38 +0000 2025,0,@Tuah_Raya @JhonSitorus_18 @irwndfrry Gw liat bang ferry itu di tiktok aduuuh sabar bgt wkwkw jaman2 ppn12%,1892845120854347841,,Tuah_Raya,in,"Malang, Jawa Timur",0,0,0,https://x.com/Maoouul/status/1892845120854347841,1441498808655904769,Maoouul,Gw liat bang ferry tiktok aduuuh sabar bgt wkwkw jaman2 ppn12
1892530083937607920,Fri Feb 21 03:23:25 +0000 2025,13,@tekarok007 Keputusan perusahaan relokasi usaha bukan diputuskan dadakan seperti Presiden @prabowo yang ngeper dengan aksi penolakan PPn12% dan pemangkasan distribusi LPG 3 kg sehingga Menteri dikorbankan,1892777115688358150,,tekarok007,in,"Bogor, Indonesia",0,0,0,https://x.com/syueb2011/status/1892777115688358150,363380931,syueb2011,Keputusan perusahaan relokasi usaha diputuskan dadakan Presiden ngeper aksi penolakan PPn12 pemangkasan distribusi LPG 3 kg Menteri dikorbankan
1892620752744284580,Thu Feb 20 23:38:59 +0000 2025,0,@ronisbk @fadjroeL Drpd jd kucing omon omon petugas mulyono ugal2an buat kebijakan... #Judol #PPN12% #PagarLaut #GasMelon #MBG #UUMineral #UUTNI #BayarPolisi #Ndasmu #HidupJokowipret #Danantara #PSSIambruk #48Departmen #BuanyakLagiiiii,1892720635526500716,,ronisbk,in,"Las Vegas, NV",0,0,0,https://x.com/SemuaOKE710920/status/1892720635526500716,1697539042706128896,SemuaOKE710920,Drpd jd kucing omon omon petugas mulyono ugal2an kebijakan
1892594724713951415,Thu Feb 20 15:18:39 +0000 2025,0,ASDP Bebas PPN 12% #ASDPBebasPPN #ASDPIndonesiaFerry #PPN12% #KenaikanPPN12% #LayananASDP #logistiknasional https://t.co/wYG4nCs8EB,1892594724713951415,https://pbs.twimg.com/media/GkPY2LAboAA0or6.jpg,,in,,0,0,0,https://x.com/BUMN_JKTIM_Beda/status/1892594724713951415,1431874331064225793,BUMN_JKTIM_Beda,ASDP Bebas PPN 12
1892482190463639592,Thu Feb 20 14:50:46 +0000 2025,0,@SumitroYoel Betul sekali dampaknya langsung terasa tetapi sayang banyak yg ga sadar malah maki2 coba bayangin dlu tapera ppn12% lolos?si bungsu jdi gubernur? ...terima kasih banyak panjang umur perjuangan dan sampai menang ️️️,1892587705902800969,,SumitroYoel,in,,0,0,0,https://x.com/n4pp18/status/1892587705902800969,1452831125798219778,n4pp18,dampaknya langsung sayang yg ga sadar maki2 coba bayangin dlu tapera ppn12 lolossi bungsu jdi gubernur terima kasih umur perjuangan menang
1892491801371541909,Thu Feb 20 13:55:15 +0000 2025,0,@Sigmahalim Pengen tahu. Kapan ya tarif listrik ada diskon 50%? Sering itu kek mana sih? Yg saya tahu tarif PLN turun di 2016 karena penyesuaian harga minyak. Lalu 2020 gara COVID. Tahun 2025 ini gegara PPN12% yg ngga jadi. Gimmicknya di mana ya?,1892573733421785458,,Sigmahalim,in,,0,1,0,https://x.com/awemany/status/1892573733421785458,228724587,awemany,Pengen ya tarif listrik diskon 50 kek sih Yg tarif PLN turun 2016 penyesuaian harga minyak 2020 gara COVID 2025 gegara PPN12 yg ngga Gimmicknya ya
1890536400908615908,Sat Feb 15 15:43:27 +0000 2025,3,@Schultzz07 @elpianmoe @ardisatriawan kita sama-sama bukan akun cenblu tapi kenapa anda bilang ppn12% belom diketok terjadi keributan? pernah gugling riwayat/sejarah ppn12% gak? terus kalo rapat di DPR dengan kemdikti yg presentasi materi dampak episiyensi dah pasti dibatalkan sama menkeu?,1890789027583848876,,Schultzz07,in,#Indonesia,0,0,0,https://x.com/hadi_sidiki/status/1890789027583848876,58185819,hadi_sidiki,samasama akun cenblu bilang ppn12 belom diketok keributan gugling riwayatsejarah ppn12 gak kalo rapat DPR kemdikti yg presentasi materi dampak episiyensi dah dibatalkan menkeu
1890536400908615908,Sat Feb 15 13:24:10 +0000 2025,248,@Schultzz07 @ardisatriawan PPN12% udah final dek pinter lah dikit jangan TOLOL2 amat,1890753973977542660,,Schultzz07,in,,0,1,2,https://x.com/elpnmoe/status/1890753973977542660,1744917754745069568,elpnmoe,PPN12 udah final dek pinter dikit TOLOL2
1890675627453284419,Sat Feb 15 08:12:51 +0000 2025,969,Ternyata ANGKA yang terpenting buat rezim ini adalah ️ pertumbuhan ekonomi ️ tingkat kesejahteraan rakyat ️ tingkat pengangguran ️ APPROVAL RATING pantes aja policynya : NO VIRAL NO JUSTICE mulai PPN12% sampe Gas 3kg. Rakyat harus sering2 ramein isu ngaco brari nih,1890675627453284419,,,in,Tax Haven,6,6,523,https://x.com/txtdaritax/status/1890675627453284419,1547362092684288000,txtdaritax,ANGKA terpenting rezim pertumbuhan ekonomi tingkat kesejahteraan rakyat tingkat pengangguran APPROVAL RATING pantes aja policynya NO VIRAL NO JUSTICE PPN12 sampe Gas 3kg Rakyat sering2 ramein isu ngaco brari nih
1890324798007304434,Sat Feb 15 06:41:00 +0000 2025,0,@ninalea @PotMode @PartaiSocmed Hoax dari mane? Orang udah berisik baru direvisi alurnya selalu seperti itu seperti ppn12%,1890652512149016630,,ninalea,in,"Riau, Indonesia",0,1,0,https://x.com/hidayyaattt/status/1890652512149016630,1185789969521987587,hidayyaattt,Hoax mane Orang udah berisik direvisi alurnya ppn12
1890530507928068212,Fri Feb 14 22:36:12 +0000 2025,0,Emang batalnya ppn12% kaum 02 ikut bersuara?? BUKANNYA NGEJEK DOANG??? ,1890530507928068212,,,in,Indonesia,0,0,0,https://x.com/n__vi_a/status/1890530507928068212,1388701968,n__vi_a,Emang batalnya ppn12 kaum 02 bersuara NGEJEK DOANG
1889937427260903566,Fri Feb 14 15:14:10 +0000 2025,0,@txtdrbekasi Yah min min pas kampanye pemilihan bupati walikota aja pada joget joget padahal posisi mau ada kenaikan PPN12% mana peduli hal hal kedepan penting saat itu dapat amplop kaos musik hore hore,1890419268568727555,,txtdrbekasi,in,"Surakarta , Jawa Tengah",0,0,0,https://x.com/Usman_J20/status/1890419268568727555,770438700782071808,Usman_J20,Yah min min pas kampanye pemilihan bupati walikota aja joget joget posisi kenaikan PPN12 peduli kedepan amplop kaos musik hore hore
1890419054260691435,Fri Feb 14 15:13:19 +0000 2025,0,wkwkwkw nyalahin KL padahal komunikasi ngga jelas dari kemarin gitu mulu. ppn12% juga komunikasi ngga jelas. jangan harap jadi pahlawan ya,1890419054260691435,,,in,Cornelia Street,0,0,0,https://x.com/hiaruna/status/1890419054260691435,1314403754901270528,hiaruna,wkwkwkw nyalahin KL komunikasi ngga kemarin gitu mulu ppn12 komunikasi ngga harap pahlawan ya
1890407711214379046,Fri Feb 14 14:28:15 +0000 2025,0,ASDP pastikan layanan penyeberangan tetap bebas PPN meski ada wacana kenaikan hingga 12%. Ini langkah strategis untuk menjaga tarif tetap terjangkau &amp; menekan biaya logistik khususnya di daerah 3T. #ASDPBebasPPN #ASDPIndonesiaFerry #PPN12% #LayananASDP #logistiknasional https://t.co/TROPf0Zhgp,1890407711214379046,https://pbs.twimg.com/media/GjwTygwacAAXAFk.jpg,,in,,0,0,0,https://x.com/plners_soppeng/status/1890407711214379046,1768960583729348608,plners_soppeng,ASDP pastikan layanan penyeberangan bebas PPN wacana kenaikan 12 langkah strategis menjaga tarif terjangkau amp menekan biaya logistik daerah 3T
1890286547024650544,Fri Feb 14 06:26:47 +0000 2025,0,PT ASDP Indonesia Ferry (Persero) menegaskan bahwa layanan penyeberangan yang dikelolanya tetap bebas dari PPN meskipun sempat muncul wacana kenaikan PPN hingga 12%. #ASDPBebasPPN #ASDPIndonesiaFerry #PPN12% #KenaikanPPN12% #LayananASDP #logistiknasional https://t.co/4V26dwpHGT,1890286547024650544,https://pbs.twimg.com/media/Gjull2XacAEE2tA.jpg,,in,"Denpasar, Bali",0,0,0,https://x.com/BumnDprRapi/status/1890286547024650544,1593468395428929536,BumnDprRapi,PT ASDP Indonesia Ferry Persero layanan penyeberangan dikelolanya bebas PPN muncul wacana kenaikan PPN 12
1889648560892702801,Fri Feb 14 06:19:05 +0000 2025,15,@yxg_quy @upajriyah @lievvv4 Oalah pantesan. Dia brani mulai vokal wlopun gak terlalu frontal sih ya. Kek ppn12% kmrin dia ngejelasin knp naiknya jd 9%. Semoga terus dj jalan yg bener sayangnya di x ini bnyak hatersnya ,1890284610602635595,,yxg_quy,in,,0,2,0,https://x.com/muggle_backup/status/1890284610602635595,1738204447090864128,muggle_backup,Oalah pantesan brani vokal wlopun gak frontal sih ya Kek ppn12 kmrin ngejelasin knp naiknya jd 9 Semoga dj jalan yg bener sayangnya x bnyak hatersnya
1890229468159172807,Fri Feb 14 02:39:58 +0000 2025,0,Baru 100 hari kerja sdh bnyk mslh: 1. PPN12% bikin ambyaaar harga2 2. LPG Melon bikin rkyt makin susah 3. Efisiensi yg paradoks dgn kabinet gemoy 4. Bnyk menteri yg offside 5. Pengangguran yg membeludak krn bnyknya PHK 6. Nilai Rupiah makin ambruk 7. MBG yg salah sasaran,1890229468159172807,,,in,Indonesia,0,0,0,https://x.com/Jaga5_sila/status/1890229468159172807,1548874746083053569,Jaga5_sila,100 kerja sdh bnyk mslh 1 PPN12 bikin ambyaaar harga2 2 LPG Melon bikin rkyt susah 3 Efisiensi yg paradoks dgn kabinet gemoy 4 Bnyk menteri yg offside 5 Pengangguran yg membeludak krn bnyknya PHK 6 Nilai Rupiah ambruk 7 MBG yg salah sasaran
1890003990236287231,Fri Feb 14 01:59:48 +0000 2025,2,@fluffyyyyyin @BudiBukanIntel Yang anda anggap riak - riak kecil juga lama - lama berdampak liat aja kasus² sebelumnya seperti pembatalan PPN12% gas lpg 3kg pemecatan di TVRI &amp; RRI Iya tau belum berdampak banget yg penting di biasakan dulu biar masyarakat terbiasa menyampaikan pendapat bukan jadi apatis,1890219357718057409,,fluffyyyyyin,in,Jakarta,0,0,0,https://x.com/cupang_fish/status/1890219357718057409,957675083081826305,cupang_fish,anggap riak riak berdampak liat aja pembatalan PPN12 gas lpg 3kg pemecatan TVRI amp RRI Iya tau berdampak banget yg biasakan biar masyarakat terbiasa pendapat apatis
1890066894843203877,Thu Feb 13 15:54:49 +0000 2025,0,ASDP menambahkan meski bebas dari PPN perusahaan tetap menjalankan kewajiban perpajakan lainnya seperti Pajak Penghasilan (PPh) Pasal 15 sebesar 1 2% atas penghasilan bruto dari jasa angkutan laut. #ASDPBebasPPN #ASDPIndonesiaFerry #PPN12% +,1890067110426190323,,BUMNMedanSigap,in,,0,1,0,https://x.com/BUMNMedanSigap/status/1890067110426190323,1435314326114496513,BUMNMedanSigap,ASDP bebas PPN perusahaan menjalankan kewajiban perpajakan Pajak Penghasilan PPh Pasal 15 1 2 penghasilan bruto jasa angkutan laut
1889900156193218622,Thu Feb 13 08:05:42 +0000 2025,0,@Lanangmardhika @PartaiSocmed Bukannya yg milih presiden sndiri. Lucu bgt gk bisa atur anak buahnya. Pdhl udh retreat bareng. Ayo diurutkan mslhnyg trjd saat mnjabat. Ppn12% Pagar laut gas lpg dana ikn efisiensi anggaran. Semuanya slalu saling lempar statementnya gk sinergi,1889949055079555135,,Lanangmardhika,in,,0,0,0,https://x.com/fabydi08/status/1889949055079555135,1475774126606348290,fabydi08,yg milih presiden sndiri Lucu bgt gk atur anak buahnya Pdhl udh retreat bareng Ayo diurutkan mslhnyg trjd mnjabat Ppn12 Pagar laut gas lpg dana ikn efisiensi anggaran slalu lempar statementnya gk sinergi
1889824681538277469,Thu Feb 13 07:00:58 +0000 2025,0,@ndasaurus @RocketDelivery2 @Agakgini Dikasi gratis50persen cuma buat kompensasi ppn12%. Yang akhirnya kebijakannya gajadi (krn cek ombak aja). Uda terlanjur pln rugi 10T. Uangnya darimana klo bukan dari rakyat lagi? Trus umr 40jt jelas masukan yg ga ngotak coba cari contoh lain yg lebih relevan,1889932762922229883,,ndasaurus,in,,0,3,0,https://x.com/saprmy/status/1889932762922229883,1301270918870626304,saprmy,Dikasi gratis50persen kompensasi ppn12 kebijakannya gajadi krn cek ombak aja Uda terlanjur pln rugi 10T Uangnya darimana klo rakyat Trus umr 40jt masukan yg ga ngotak coba cari contoh yg relevan
1889908421627093077,Thu Feb 13 06:12:18 +0000 2025,1,@briimine Sini aja bang jepang estetik + ppn 10% rakyatnya sejahtera dari pada negara ppn12% rakyatnya aja masih banyak yg sengsara https://t.co/fjArUpHGzE,1889920513327374736,https://pbs.twimg.com/media/GjpYrsUaIAMhlKQ.jpg,briimine,in,,0,0,0,https://x.com/rehan_gery/status/1889920513327374736,1449049555618516999,rehan_gery,aja bang jepang estetik ppn 10 rakyatnya sejahtera negara ppn12 rakyatnya aja yg sengsara
1889908424114373090,Thu Feb 13 05:24:15 +0000 2025,1,@prabowo Bapak masa kami harus naikkan Peringatan Darurat setiap bulan? Baru bulan kemarin selesai urusan PPN12% terus polemik gas 3kg belum 2 minggu udah ada efisiensi anggaran.,1889908424114373090,,prabowo,in,the shire,0,0,0,https://x.com/maillennium00/status/1889908424114373090,756301435,maillennium00,naikkan Peringatan Darurat kemarin selesai urusan PPN12 polemik gas 3kg 2 minggu udah efisiensi anggaran
1889887918501810649,Thu Feb 13 04:13:14 +0000 2025,282,@handygusfa Terakhir dukung PPN12% naik dan sebelumnya timses okegas dan sebelumnya lagi nyaleg di grindr,1889890551828455810,,handygusfa,in,Indonesia,3,6,3,https://x.com/barengwarga/status/1889890551828455810,1850558971779956736,barengwarga,dukung PPN12 timses okegas nyaleg grindr
1889649577604575717,Thu Feb 13 02:18:40 +0000 2025,5,@sfardiansyah_ @smuggleaddams Agak tolol ya kau @alvindewantara7 Ngapain rakyat mikirin solusi kalau udah ada pemerintah yang bergaji dan tunjangan gede itu? Lagian kemarin yang naikin Peringatan Darurat aksi PPN12. Ke mana lu? Ikut gak? Atau jempolnya cuma ngatain 'anak abah emosian'? Otak dipake Pin.,1889861717867524198,,sfardiansyah_,in,"Aomori-shi, Aomori",0,1,1,https://x.com/anekchandesu/status/1889861717867524198,1059009758634471424,anekchandesu,tolol ya kau Ngapain rakyat mikirin solusi udah pemerintah bergaji tunjangan gede kemarin naikin Peringatan Darurat aksi PPN12 lu gak jempolnya ngatain anak abah emosian Otak dipake Pin
1889831816640733631,Thu Feb 13 00:24:10 +0000 2025,0,@jnkshn RIL Tapi kmrn pas ppn12% ituuuu Mereka muncul tuh cuma repost IG si srimul yang bilang PPN 12% ga jadi HELEKEPET,1889832906249609668,,jnkshn,in,,0,1,0,https://x.com/laejinq85/status/1889832906249609668,766991479310921729,laejinq85,RIL kmrn pas ppn12 ituuuu muncul tuh repost IG si srimul bilang PPN 12 ga HELEKEPET
1889557785882370416,Wed Feb 12 15:24:15 +0000 2025,0,@Dandhy_Laksono Belom ppn12% PPh belom tau ada di kutip atau Ndak sebenarnya ini urus Negara atau bukan sih?,1889697030672470233,,Dandhy_Laksono,in,,0,0,0,https://x.com/wilkim2689/status/1889697030672470233,1275285570416041985,wilkim2689,Belom ppn12 PPh belom tau kutip Ndak urus Negara sih
1889536988266766350,Wed Feb 12 04:48:18 +0000 2025,0,... PPN12% batal drmana??????! https://t.co/uFKshCvbUQ,1889536988266766350,https://pbs.twimg.com/media/Gjj74HjawAAsZNG.jpg,,in,,0,0,0,https://x.com/rsqmebb/status/1889536988266766350,934975101547593728,rsqmebb,PPN12 batal drmana
1889530254039134252,Wed Feb 12 04:21:59 +0000 2025,0,seperti Pajak Penghasilan (PPh) Pasal 15 sebesar 1 2% atas penghasilan bruto dari jasa angkutan laut. #ASDPBebasPPN #ASDPIndonesiaFerry #PPN12% #KenaikanPPN12% #LayananASDP #logistiknasional,1889530365704020033,,CilegonBumn,in,"Jakarta Utara, DKI Jakarta",0,0,0,https://x.com/CilegonBumn/status/1889530365704020033,1815674290991505409,CilegonBumn,Pajak Penghasilan PPh Pasal 15 1 2 penghasilan bruto jasa angkutan laut
1889226617467355469,Tue Feb 11 08:32:30 +0000 2025,1,@KompasTV Kebijakan Tim Joko Widodo banyak yg lucu tdk konsisten dan gaduh: -PPN12% -LPG3kg -PagarLaut -Ekspor PasirLaut -Tdk impor beras ternyata impor -MBG IKN &amp; Kabinet Gemuk vs Pemotongan anggaran utk efisiensi? -Utang Jatuh tempo 2025 -Daya beli masyarakat turun vs PPN&gt;10% ? https://t.co/s8t3huLo4j,1889231023101358570,https://pbs.twimg.com/media/GjflmjaaIAAgpc9.jpg,KompasTV,in,,0,0,0,https://x.com/sayno_KKN/status/1889231023101358570,1735636779192233984,sayno_KKN,Kebijakan Tim Joko Widodo yg lucu tdk konsisten gaduh PPN12 LPG3kg PagarLaut Ekspor PasirLaut Tdk impor beras impor MBG IKN amp Kabinet Gemuk vs Pemotongan anggaran utk efisiensi Utang Jatuh tempo 2025 Daya beli masyarakat turun vs PPNgt10
1888516717132783867,Tue Feb 11 02:46:44 +0000 2025,2,@Febriya15034722 @Kucyber69 fungsi dpr ri yaitu membuat undang-undang atau peraturan negri yaitu legislative pembuatan ppn12% dll Fungsi pengadilan hakim pn ma mk ituseperti tangan tuhan memvonis benar/salahnya yaitu yudikatif 2hal diatas itu presiden eksekutive tidak bisa ikut campur dan berwenang,1889144008146120937,,Febriya15034722,in,,0,1,0,https://x.com/brainlotca45261/status/1889144008146120937,1874094525637156869,brainlotca45261,fungsi dpr ri undangundang peraturan negri legislative pembuatan ppn12 dll Fungsi pengadilan hakim pn ma mk ituseperti tangan tuhan memvonis benarsalahnya yudikatif 2hal diatas presiden eksekutive campur berwenang
1888779609682116804,Tue Feb 11 01:26:56 +0000 2025,0,@kring_pajak @regpdf min untuk transaksi yang sudah di buat sebelum adanya PMK Nomor 11 tahun 2025 itu gmn? sudah menggunakan ppn12%? mohon penjelasannya? @kring_pajak @DitjenPajakRI,1889123926405755083,,kring_pajak,in,,0,1,0,https://x.com/chelicious_s/status/1889123926405755083,1973561364,chelicious_s,min transaksi PMK Nomor 11 2025 gmn ppn12 mohon penjelasannya
1888898958501560686,Mon Feb 10 11:34:31 +0000 2025,0,@KompasTV Negara seperti menuju Dararut Ekonomi indikasinya: - Pemotongan Anggaran Kementerian Daerah IKN ? - Rupiah terus lemah - Saham IHSG Ambruk - Utang Warisan Jokowi jatuh tempo 2025 - Daya Beli masyarakat turun - Kebijakan Panik: PPN12% LPG3kg ? - Investor asing takut tikus https://t.co/h4pVzKdhhh,1888914441632428176,https://pbs.twimg.com/media/GjbFrDNa8AAGA0m.jpg,KompasTV,in,,0,0,0,https://x.com/sayno_KKN/status/1888914441632428176,1735636779192233984,sayno_KKN,Negara Dararut Ekonomi indikasinya Pemotongan Anggaran Kementerian Daerah IKN Rupiah lemah Saham IHSG Ambruk Utang Warisan Jokowi jatuh tempo 2025 Daya Beli masyarakat turun Kebijakan Panik PPN12 LPG3kg Investor asing takut tikus
1888607067679977836,Sun Feb 09 15:13:08 +0000 2025,0,Htm sewajarnya +PPN12% parkir seikhlasnya bursa taruhan semampunya.,1888607067679977836,,,in,Kotagede - Yogyakarta,0,0,1,https://x.com/songoselawe1929/status/1888607067679977836,1505926236190638080,songoselawe1929,Htm sewajarnya PPN12 parkir seikhlasnya bursa taruhan
1888444789043204599,Sun Feb 09 12:33:49 +0000 2025,2,@NgkongRoses @prabowo Selama mengaum dimic juga percuma bang mic dimatikan kembali jadi meong again harusnya secara radikal dibuktikan tp pembuktian ada malah kebalik semua ppn12 dibatalkan malah diacc menteri2 wakil+stafsus rata bermasalah Ada yg tunggu tgl main yg ada keburu rusak maaf,1888566974726238218,,NgkongRoses,in,"Kota Surabaya, Jawa Timur",0,0,1,https://x.com/terisera35533/status/1888566974726238218,1815365624526442496,terisera35533,mengaum dimic bang mic dimatikan meong again radikal dibuktikan tp pembuktian kebalik ppn12 dibatalkan diacc menteri2 wakilstafsus bermasalah yg tunggu tgl main yg keburu rusak maaf
1888227168154710077,Sun Feb 09 02:06:47 +0000 2025,1,@jawafess Nak Alfa kenek ppn12 %,1888409177711948174,,jawafess,in,,0,0,0,https://x.com/drownedmantis/status/1888409177711948174,1696196671464767490,drownedmantis,Nak Alfa kenek ppn12
1888112395375309154,Sat Feb 08 06:27:29 +0000 2025,1,Kebijakan PPN 12 persen untuk barang mewah membantu pertumbuhan ekonomi tanpa membebani masyarakat umum. #PPN12 https://t.co/k8EQJ3wBBW,1888112395375309154,https://pbs.twimg.com/media/GjPsM-zaoAAEOay.jpg,,in,DKI Jakarta,0,0,0,https://x.com/JulieMarshaa/status/1888112395375309154,1579641677127782400,JulieMarshaa,Kebijakan PPN 12 persen barang mewah membantu pertumbuhan ekonomi membebani masyarakat
1888112354124263650,Sat Feb 08 06:27:19 +0000 2025,1,PPN 12 persen akan lebih terasa pada barang dan jasa mewah bukan kebutuhan dasar masyarakat. #PPN12 https://t.co/FlmTKoh0if,1888112354124263650,https://pbs.twimg.com/media/GjPsKiUaIAA49Av.jpg,,in,DKI Jakarta,0,0,0,https://x.com/JulieMarshaa/status/1888112354124263650,1579641677127782400,JulieMarshaa,PPN 12 persen barang jasa mewah kebutuhan dasar masyarakat
1888112306174964164,Sat Feb 08 06:27:07 +0000 2025,1,Penerapan PPN 12 persen hanya untuk barang mewah dan premium untuk memastikan ekonomi yang lebih merata. #PPN12 https://t.co/uloCiDfVuK,1888112306174964164,https://pbs.twimg.com/media/GjPsHqKb0AAFEcH.jpg,,in,DKI Jakarta,0,0,0,https://x.com/JulieMarshaa/status/1888112306174964164,1579641677127782400,JulieMarshaa,Penerapan PPN 12 persen barang mewah premium ekonomi merata
1888112267281002736,Sat Feb 08 06:26:58 +0000 2025,1,Selektif dan adil itulah PPN 12 persen. Fokus pada barang premium demi keadilan untuk semua. #PPN12 https://t.co/prAvYLwGPf,1888112267281002736,https://pbs.twimg.com/media/GjPsFbqaQAAcBdu.jpg,,in,DKI Jakarta,0,0,0,https://x.com/JulieMarshaa/status/1888112267281002736,1579641677127782400,JulieMarshaa,Selektif adil PPN 12 persen Fokus barang premium keadilan
1888112229721243732,Sat Feb 08 06:26:49 +0000 2025,1,PPN 12 persen hanya menyasar barang dan jasa mewah memastikan yang diperlukan rakyat tetap terjangkau. #PPN12 https://t.co/iR3ZEsMp7x,1888112229721243732,https://pbs.twimg.com/media/GjPsC9ibMAAED6d.jpg,,in,DKI Jakarta,0,0,0,https://x.com/JulieMarshaa/status/1888112229721243732,1579641677127782400,JulieMarshaa,PPN 12 persen menyasar barang jasa mewah rakyat terjangkau
1888111896600998273,Sat Feb 08 06:25:30 +0000 2025,1,Kebijakan PPN 12 persen membantu fokus pada barang dan jasa kategori mewah mendorong pertumbuhan ekonomi yang sehat. #PPN12 https://t.co/l1GugsledX,1888111896600998273,https://pbs.twimg.com/media/GjPrv5sa8AEgHf9.jpg,,in,Bandung,0,0,0,https://x.com/PasukanSinga/status/1888111896600998273,2746809658,PasukanSinga,Kebijakan PPN 12 persen membantu fokus barang jasa kategori mewah mendorong pertumbuhan ekonomi sehat
1888111849285226967,Sat Feb 08 06:25:18 +0000 2025,1,Dengan PPN 12 persen pada barang mewah kita menjaga keseimbangan ekonomi dan memberikan keadilan bagi masyarakat. #PPN12 https://t.co/0Vo2WSzv27,1888111849285226967,https://pbs.twimg.com/media/GjPrsrNb0AAVgmo.jpg,,in,Bandung,0,0,0,https://x.com/PasukanSinga/status/1888111849285226967,2746809658,PasukanSinga,PPN 12 persen barang mewah menjaga keseimbangan ekonomi keadilan masyarakat
1888111803634454635,Sat Feb 08 06:25:08 +0000 2025,1,PPN 12 persen hanya dikenakan pada barang dan jasa premium. Kebijakan ini lebih adil dan tepat sasaran! #PPN12 https://t.co/4fSRN75dYd,1888111803634454635,https://pbs.twimg.com/media/GjPrrW9aUAABTvI.jpg,,in,Bandung,0,0,0,https://x.com/PasukanSinga/status/1888111803634454635,2746809658,PasukanSinga,PPN 12 persen dikenakan barang jasa premium Kebijakan adil sasaran
1888111768263942520,Sat Feb 08 06:24:59 +0000 2025,1,PPN 12 persen berlaku selektif! Hanya untuk barang dan jasa mewah memastikan daya beli tetap terjaga. #PPN12 https://t.co/shvL7RYSD5,1888111768263942520,https://pbs.twimg.com/media/GjProlYbYAArzqI.jpg,,in,Bandung,0,0,0,https://x.com/PasukanSinga/status/1888111768263942520,2746809658,PasukanSinga,PPN 12 persen berlaku selektif barang jasa mewah daya beli terjaga
1888111730926186703,Sat Feb 08 06:24:50 +0000 2025,1,Kebijakan PPN 12 persen hadir untuk memastikan barang dan jasa premium membayar sesuai. Fokus pada yang mewah demi keadilan bagi semua! #PPN12 https://t.co/lGfY5jiNI1,1888111730926186703,https://pbs.twimg.com/media/GjPrmS-acAAcj6h.jpg,,in,Bandung,0,0,0,https://x.com/PasukanSinga/status/1888111730926186703,2746809658,PasukanSinga,Kebijakan PPN 12 persen hadir barang jasa premium membayar sesuai Fokus mewah keadilan
1887898108501332444,Fri Feb 07 16:15:59 +0000 2025,0,Ya Saya setuju Mendingan gini daripada PPN12% Ya walau Wowo afuera-nya nanggung,1887898108501332444,,,in,,0,0,0,https://x.com/nhantrang_tali/status/1887898108501332444,1170543974253154304,nhantrang_tali,Ya setuju Mendingan gini PPN12 Ya Wowo afueranya nanggung
1887836334217195928,Fri Feb 07 12:10:31 +0000 2025,0,Hambalang mangkrak legacy Pak Sby ?@SBYudhoyono @AgusYudhoyono bagaimana dgn IKN Nusantara ? @jokowi @gibran_tweet #ppn12% https://t.co/Ip2DU36sdQ,1887836334217195928,https://pbs.twimg.com/media/GjLxIxGbYAAxt7k.jpg,,in,,0,0,0,https://x.com/Kemanggisan_DKI/status/1887836334217195928,1712743929509261312,Kemanggisan_DKI,Hambalang mangkrak legacy Sby dgn IKN Nusantara
1887809327890866306,Fri Feb 07 11:13:41 +0000 2025,1,@tempodotco Agar tdk omon2 Kasih contoh Pecat Menteri seperti kasus yg bikin Gaduh: Pagar Laut LPG 3kg PPN12% ?,1887822034677481538,,tempodotco,in,,0,0,0,https://x.com/sayno_KKN/status/1887822034677481538,1735636779192233984,sayno_KKN,tdk omon2 Kasih contoh Pecat Menteri yg bikin Gaduh Pagar Laut LPG 3kg PPN12
1887796206790664687,Fri Feb 07 10:19:13 +0000 2025,20,@jondhez Tp yg sy kuatirkan gini Dinasti Mulyono selalu mengulur waktu u/ eksekusi sesuatu tujuannya u/ persiapan cawe2 sblm itu terjadi -pemilihan gibran sbg wapres -Gugatan MK hasil pemilu -Kaesang nepo pesawat jet pribadi -PPN12% -Pagar Laut Aguan skng dibelokin PDIP -takutnya nanti.. https://t.co/D63fUJj4pL,1887808325615804561,https://pbs.twimg.com/media/GjLXm1RbAAAk6yl.png,jondhez,in,neverland,1,1,3,https://x.com/jijirnyinyir/status/1887808325615804561,1047680225138466816,jijirnyinyir,Tp yg sy kuatirkan gini Dinasti Mulyono mengulur u eksekusi tujuannya u persiapan cawe2 sblm pemilihan gibran sbg wapres Gugatan MK hasil pemilu Kaesang nepo pesawat jet pribadi PPN12 Pagar Laut Aguan skng dibelokin PDIP takutnya
1887696860594511939,Fri Feb 07 02:56:17 +0000 2025,0,Ya kocak perkara ppn12% larinya ke gw juga??? Tanya finance &amp; accounting lah babi. Kenapa pada ngomel ke gw???,1887696860594511939,,,in,,0,0,0,https://x.com/itzjournay/status/1887696860594511939,3031814697,itzjournay,Ya kocak perkara ppn12 larinya gw finance amp accounting babi ngomel gw
1887534998947045764,Thu Feb 06 16:13:14 +0000 2025,0,PPN 12% untuk barang mewah? Tidak masalah! Kebutuhan pokok tetap stabil dan terjangkau. #PPN12 #KesejahteraanRakyat https://t.co/WEEK3PMPl7,1887535031251542359,https://pbs.twimg.com/media/GjHfCP1bIAIAXFz.jpg,PewdSmoses,in,,0,1,0,https://x.com/PewdSmoses/status/1887535031251542359,2735886720,PewdSmoses,PPN 12 barang mewah Kebutuhan pokok stabil terjangkau
1887534998947045764,Thu Feb 06 16:13:11 +0000 2025,0,Jangan panik! PPN 12% hanya untuk barang mewah jadi kehidupan sehari-hari tetap nyaman. #EkonomiMaju #PPN12 https://t.co/r7lhhRHZqX,1887535017653641502,https://pbs.twimg.com/media/GjHe6QkbMAAYrK_.jpg,PewdSmoses,in,,0,1,0,https://x.com/PewdSmoses/status/1887535017653641502,2735886720,PewdSmoses,panik PPN 12 barang mewah kehidupan seharihari nyaman
1887534998947045764,Thu Feb 06 16:13:08 +0000 2025,0,PPN 12%? Tenang! Hanya untuk barang mewah bukan kebutuhan sehari-hari. #PPN12 #MasyarakatCerdas https://t.co/iMvO93xoKp,1887535005922173151,https://pbs.twimg.com/media/GjHe0lvbIAMY0yV.jpg,PewdSmoses,in,,0,1,0,https://x.com/PewdSmoses/status/1887535005922173151,2735886720,PewdSmoses,PPN 12 Tenang barang mewah kebutuhan seharihari
1887512281497673912,Thu Feb 06 14:42:50 +0000 2025,0,parameter ngeri ngeri sedap - 306 - PPN12 - MBG - 3 Kg,1887512281497673912,,,in,"wonosobo, jawa tengah",0,0,0,https://x.com/bobidream/status/1887512281497673912,189147824,bobidream,parameter ngeri ngeri sedap 306 PPN12 MBG 3 Kg
1887382363145175099,Thu Feb 06 06:27:21 +0000 2025,26,Justru voters 02 adalah voters yg rasional brani mengkritik balik pilihan-nya ketika pilihannya berbuat salah seperti ppn12% kualitas mbg yg kurang baik dan soal lpg melon ini. Dan tdk mencari pembenaran akan kesalahan tsb. Itulah sikap voters yg benar. Dan bukan,1887387586672664600,,Ndrewstjan,in,,6,9,6,https://x.com/Ndrewstjan/status/1887387586672664600,1176673445263765504,Ndrewstjan,voters 02 voters yg rasional brani mengkritik pilihannya pilihannya berbuat salah ppn12 kualitas mbg yg lpg melon tdk mencari pembenaran kesalahan tsb sikap voters yg
1887360530022875448,Thu Feb 06 04:39:50 +0000 2025,0, Hatgen tentara guru yang firsttime ituuuuu guyssss kan bukan hatgen yang zaman ppn12% iya lali ye gw LUPA WGEGD #tellonym https://t.co/FmSlD9Lnw3,1887360530022875448,,,in,adult only,0,0,0,https://x.com/owyalahkak/status/1887360530022875448,1861428414886092805,owyalahkak,Hatgen tentara guru firsttime ituuuuu guyssss hatgen zaman ppn12 iya lali ye gw LUPA WGEGD
1887158093185958168,Thu Feb 06 03:30:48 +0000 2025,0,@Heraloebss @prabowo @jokowi @gibran_tweet @SBYudhoyono @AgusYudhoyono Bentar lagi muncul si bapak: bilang gaji ke 1314151617181920212223242526272829 TETAP AKAN DIBERIKAN. Bapak itu dipuji-puji dibilang care dibilang terbaik Sama kayak Jamannya PPN12% dan GAS 3kg Begitu pola nya,1887343157161173048,,Heraloebss,in,,0,0,0,https://x.com/wacung80/status/1887343157161173048,1867837584589901824,wacung80,Bentar muncul si bilang gaji 1314151617181920212223242526272829 dipujipuji dibilang care dibilang terbaik kayak Jamannya PPN12 GAS 3kg pola nya
1887306863907381642,Thu Feb 06 03:30:37 +0000 2025,0,@kompascom Coba kasih contoh Pecat Pejabat (setingkat Menteri) yg tdk becus bukan karena mengundurkan diri karena tekanan rakyat setelah viral biar tdk omon2 terus seperti kasus Pagar Laut LPG PPN12%,1887343111761981442,,kompascom,in,,0,0,0,https://x.com/sayno_KKN/status/1887343111761981442,1735636779192233984,sayno_KKN,Coba kasih contoh Pecat Pejabat setingkat Menteri yg tdk becus mengundurkan tekanan rakyat viral biar tdk omon2 Pagar Laut LPG PPN12
1887336393124553120,Thu Feb 06 03:03:55 +0000 2025,0,#jasmerah Ppn12% bukan kebijakan @prabowo Bsk2 mungkin akn d ulang trus,1887336393124553120,,,in,,0,0,0,https://x.com/DeuiCucu10186/status/1887336393124553120,1877700121267511296,DeuiCucu10186,Ppn12 kebijakan Bsk2 akn d ulang trus
1887158653943492963,Thu Feb 06 02:47:55 +0000 2025,0,@hellafwend @msjaeminana Nah iya makanya gausah kepancinv dulu lah ya nanti juga ada pahlawannya kayak ppn12 dan gas melon,1887332363346321848,,hellafwend,in,,0,0,0,https://x.com/oh_imsocute/status/1887332363346321848,1505854415319707648,oh_imsocute,iya gausah kepancinv ya pahlawannya kayak ppn12 gas melon
1887169495317520531,Wed Feb 05 16:00:44 +0000 2025,0,PT ASDP Indonesia Ferry (Persero) menegaskan bahwa layanan penyeberangan yang dikelolanya tetap bebas dari PPN #ASDPIndonesiaFerry #PPN12% #KenaikanPPN12% #LayananASDP #logistiknasional https://t.co/vHWBfw3Avk,1887169495317520531,https://pbs.twimg.com/media/GjCSp6ObUAA-FlQ.jpg,,in,,0,0,0,https://x.com/BUMN_MDN_Rapi/status/1887169495317520531,227946877,BUMN_MDN_Rapi,PT ASDP Indonesia Ferry Persero layanan penyeberangan dikelolanya bebas PPN
1886932806347174053,Wed Feb 05 11:24:36 +0000 2025,0,@kompascom Loh survei litbang kompas menyatakan tingkat kepuasan publik tinggi sekarang ada kebijakan buat gaduh masyarakat seperti PPN12% LPG3kg dll Hasil survei litbang kompas tdk mendidik masyarakat utk kritis tapi giring opini utk tujuan membodohi ?????,1887100004764147718,,kompascom,in,,0,0,0,https://x.com/sayno_KKN/status/1887100004764147718,1735636779192233984,sayno_KKN,Loh survei litbang kompas tingkat kepuasan publik kebijakan gaduh masyarakat PPN12 LPG3kg dll Hasil survei litbang kompas tdk mendidik masyarakat utk kritis giring opini utk tujuan membodohi
1887002765710475496,Wed Feb 05 08:14:44 +0000 2025,17,@pejabrut @elrondfuyyy Nah ini konsepnya coretax-PPN12%-IKN-KCIC-mercusuar lain itu setupnya sianjing cungkring,1887052222502142083,,pejabrut,in,,0,1,0,https://x.com/BudiBukanIntel/status/1887052222502142083,1794298849651212288,BudiBukanIntel,konsepnya coretaxPPN12IKNKCICmercusuar setupnya sianjing cungkring
1887017495942586504,Wed Feb 05 05:56:44 +0000 2025,1,Meningkatkan daya saing ekonomi nasional dengan PPN 12% untuk masa depan yang lebih baik. #PPN12 https://t.co/VGmOlXgiq7,1887017495942586504,https://pbs.twimg.com/media/GjAIZLKa4AAZZ8q.jpg,,in,,0,0,0,https://x.com/JokoWijaya68649/status/1887017495942586504,1836312547072577538,JokoWijaya68649,Meningkatkan daya saing ekonomi nasional PPN 12
1887017454955847699,Wed Feb 05 05:56:35 +0000 2025,1,Langkah bijak untuk menjaga stabilitas ekonomi Indonesia salah satunya lewat penerapan PPN 12%. #PPN12 https://t.co/lX70fuHLTc,1887017454955847699,https://pbs.twimg.com/media/GjAIWxma4Agvert.jpg,,in,,0,0,0,https://x.com/JokoWijaya68649/status/1887017454955847699,1836312547072577538,JokoWijaya68649,Langkah bijak menjaga stabilitas ekonomi Indonesia salah satunya penerapan PPN 12
1887017413914583511,Wed Feb 05 05:56:25 +0000 2025,1,PPN 12% bukan hanya pajak tapi solusi untuk perekonomian yang lebih solid dan berdaya saing. #PPN12 https://t.co/lZM58RZiBT,1887017413914583511,https://pbs.twimg.com/media/GjAIUWNacAAUHjQ.jpg,,in,,0,0,0,https://x.com/JokoWijaya68649/status/1887017413914583511,1836312547072577538,JokoWijaya68649,PPN 12 pajak solusi perekonomian solid berdaya saing
1887017368305721836,Wed Feb 05 05:56:14 +0000 2025,1,Arahkan perekonomian Indonesia menuju pertumbuhan yang stabil melalui penerapan PPN 12%. #PPN12 https://t.co/0dZnntBzzC,1887017368305721836,https://pbs.twimg.com/media/GjAIRpkaYAAHJtL.jpg,,in,,0,0,0,https://x.com/JokoWijaya68649/status/1887017368305721836,1836312547072577538,JokoWijaya68649,Arahkan perekonomian Indonesia pertumbuhan stabil penerapan PPN 12
1887017323946762371,Wed Feb 05 05:56:03 +0000 2025,1,PPN 12% hadir sebagai langkah penting dalam memperkuat ekonomi dan menciptakan keseimbangan. #PPN12 https://t.co/uS6VPIdoYa,1887017323946762371,https://pbs.twimg.com/media/GjAINoIa4AEaBPq.jpg,,in,,0,0,0,https://x.com/JokoWijaya68649/status/1887017323946762371,1836312547072577538,JokoWijaya68649,PPN 12 hadir langkah memperkuat ekonomi menciptakan keseimbangan
1887016793849696475,Wed Feb 05 05:53:57 +0000 2025,1,Dukung penerapan PPN 12% untuk perekonomian yang lebih tangguh dan berkelanjutan. #PPN12 https://t.co/RMnny2TYQe,1887016793849696475,https://pbs.twimg.com/media/GjAHwc1bYAA9Grw.jpg,,in,DKI Jakarta,0,0,0,https://x.com/RosaJaanne/status/1887016793849696475,1578799870785486848,RosaJaanne,Dukung penerapan PPN 12 perekonomian tangguh berkelanjutan
1887016753034924158,Wed Feb 05 05:53:47 +0000 2025,1,Stabilitas ekonomi adalah kunci kemajuan. Penerapan PPN 12% untuk masa depan yang lebih stabil! #PPN12 https://t.co/fPykZVBKGh,1887016753034924158,https://pbs.twimg.com/media/GjAHuBXbQAAXswq.jpg,,in,DKI Jakarta,0,0,0,https://x.com/RosaJaanne/status/1887016753034924158,1578799870785486848,RosaJaanne,Stabilitas ekonomi kunci kemajuan Penerapan PPN 12 stabil
1887016708348764362,Wed Feb 05 05:53:37 +0000 2025,1,Penerapan PPN 12% adalah upaya konkret memperkuat perekonomian nasional demi kesejahteraan bersama. #PPN12 https://t.co/2fPOy4RiHy,1887016708348764362,https://pbs.twimg.com/media/GjAHrNUbQAAZA3U.jpg,,in,DKI Jakarta,0,0,0,https://x.com/RosaJaanne/status/1887016708348764362,1578799870785486848,RosaJaanne,Penerapan PPN 12 upaya konkret memperkuat perekonomian nasional kesejahteraan
1887016656498503928,Wed Feb 05 05:53:24 +0000 2025,1,Dengan penerapan PPN 12% kita dorong pemulihan ekonomi dan stabilitas yang lebih baik. Ayo bangkit bersama! #PPN12 https://t.co/awiR6DG3EO,1887016656498503928,https://pbs.twimg.com/media/GjAHpI7aYAAbxQY.jpg,,in,DKI Jakarta,0,0,0,https://x.com/RosaJaanne/status/1887016656498503928,1578799870785486848,RosaJaanne,penerapan PPN 12 dorong pemulihan ekonomi stabilitas Ayo bangkit
1887016600949477704,Wed Feb 05 05:53:11 +0000 2025,1,PPN 12% untuk perekonomian yang lebih kuat dan stabil. Langkah bersama menuju masa depan yang lebih baik! #PPN12 https://t.co/5PXQWUK7DI,1887016600949477704,https://pbs.twimg.com/media/GjAHlVua4AA2wVp.jpg,,in,DKI Jakarta,0,0,0,https://x.com/RosaJaanne/status/1887016600949477704,1578799870785486848,RosaJaanne,PPN 12 perekonomian kuat stabil Langkah
1886781621120196831,Wed Feb 05 01:42:13 +0000 2025,0,@BebySoSweet Dan lbh aneh lg dmn seorg LBP yg berkoar2 dan sok2 an ttg PPN12% malah diem bae gk bersuara ttg pagar laut dan LPG 3kg,1886953443295945050,,BebySoSweet,in,"Kota Surabaya, Jawa Timur",0,0,0,https://x.com/FaridMusta38488/status/1886953443295945050,1708803102470701056,FaridMusta38488,lbh aneh lg dmn seorg LBP yg berkoar2 sok2 an ttg PPN12 diem bae gk bersuara ttg pagar laut LPG 3kg
1886945033519292878,Wed Feb 05 01:19:53 +0000 2025,0,@0delapan0989999 dapat diskon bund tapi cuma 3 bulan. karena ppn kenaikan ppn12%. https://t.co/iCS4Hy4dLB,1886947823943606594,https://pbs.twimg.com/media/Gi_JC-fa4AAjpml.jpg,0delapan0989999,in,indonesia,0,1,0,https://x.com/Gunturmataram/status/1886947823943606594,1240845493598482432,Gunturmataram,diskon bund 3 ppn kenaikan ppn12
1886791230874640622,Tue Feb 04 14:57:38 +0000 2025,0,Urusan PPN12% sama pagar bambu bisalah nyalahin rezim sebelumnya. Urusan gas 3kg mau nyalahin siapa What a blunder ,1886791230874640622,,,in,,0,0,0,https://x.com/Sutan_siagian/status/1886791230874640622,193736164,Sutan_siagian,Urusan PPN12 pagar bambu bisalah nyalahin rezim Urusan gas 3kg nyalahin What a blunder
1886634315737686216,Tue Feb 04 13:49:53 +0000 2025,2,@EdanSingWaras @UmarHasibuan__ @prabowo @Gerindra Daripada jadi hama mending pecat Mentri² warisan Mulyono asli nyusahin di awali dengan ppn12% oleh Mulyani sekarang malah Bahlil keling.,1886774178009039124,,EdanSingWaras,in,"DKI Jakarta, Indonesia",0,0,0,https://x.com/wasleee/status/1886774178009039124,850649546652663808,wasleee,hama mending pecat Mentri warisan Mulyono asli nyusahin awali ppn12 Mulyani Bahlil keling
